symbol,vwap
IWM,147.074
QQQ,164.58
CME,181.573
AMZN,1649.683
CROX,28.585
CRSP,31.898
CTAS,185.421
EBAY,33.473
EXEL,23.108
LABU,45.156
LABD,27.852
BSBR,12.712
LOPE,92.287
MLCO,21.405
EEM,42.376
NUVA,48.73
ARCC,16.215
NWSA,12.639
XLI,71.146
PZZA,42.37
BUD,74.612
SRPT,124.722
ABT,70.649
STX,43.387
TER,36.729
RWT,15.873
AZN,35.942
WBA,71.677
CNHI,10.107
CTSH,69.302
EXPE,118.844
FGEN,55.29
BWA,40.311
AU,13.732
LNT,43.204
SNPS,91.415
AMT,170.448
BEN,29.277
MU,38.198
CMCSA,35.499
APTV,72.998
NTRI,43.246
XRAY,41.268
CFX,24.905
EPR,72.492
CCEP,46.112
CCL,57.148
NWL,20.909
QCOM,49.932
DEO,144.703
DF,3.996
ADM,44.581
ETSY,53.736
AGI,4.405
EURN,7.722
APD,163.636
BTI,34.364
CLX,146.083
EDU,75.764
MAR,112.434
ADT,7.137
DISCK,24.392
GNK,7.257
GLNG,22.104
HSIC,77.621
ATUS,18.682
NTES,240.74
FTI,23.012
SBRA,20.4
FBHS,43.138
GLOG,18.316
DISH,29.399
CIEN,37.267
CYBR,85.937
HOG,35.776
ERJ,20.832
DHR,108.21
TTD,138.973
SENS,2.39
TNDM,42.156
UAL,86.986
RAIL,7.046
CREE,49.159
EVR,89.89
XBI,80.942
BHP,50.301
RSX,20.923
JACK,81.497
MXL,19.168
ZNGA,4.478
LIN,162.288
ULTA,288.916
IVZ,18.576
HMY,1.951
VZ,53.307
FSM,3.845
LITE,46.07
IVAC,5.333
BP,40.489
MSFT,105.415
NNN,52.085
BBY,58.851
LOXO,233.863
RARE,47.798
MPWR,125.859
CNI,83.351
SU,32.243
OSTK,17.872
ARRS,31.281
MTOR,20.296
MAT,12.264
SBUX,67.743
DTYS,19.77
EFA,62.554
LPL,8.759
DUK,86.042
NSA,28.606
PUK,39.235
CTL,14.843
PDCE,32.972
PRGO,45.358
LMT,290.028
KSS,68.77
RACE,111.89
RIO,55.131
HD,181.894
LEA,153.825
IX,74.16
MCD,183.57
TWLO,102.131
TRX,0.561
HPQ,22.077
HEXO,5.312
TMO,241.587
HUN,22.549
GGAL,34.991
TSS,88.734
MCK,124.973
TKC,6.907
VNE,29.325
FUTY,35.41
UL,53.008
EXTR,7.33
NMS,12.398
WSM,52.542
XRX,27.841
ENSG,42.369
PRA,42.502
MKC,123.226
UTSL,27.19
SJR,20.037
STT,70.67
ASML,175.177
YEXT,14.987
VLO,82.534
BAK,28.088
BHGE,23.81
ATNX,11.301
SNN,37.756
ACB,6.953
NFLX,335.679
PPDF,3.522
QGEN,37.227
ROG,120.998
TGS,16.766
ADBE,240.773
CKH,41.672
NAK,0.759
W,107.582
MRCC,11.827
PLAB,10.727
BXE,0.461
CEF,12.896
SVM,2.24
TECD,95.007
FRSX,2.115
ZVZZT,9.992
VXXB,37.789
GSK,38.929
BKEP,2.199
PBR,15.837
GILD,69.413
SQ,70.101
STNE,21.669
APHA,7.602
AMD,22.197
KLAC,104.492
GOLD,12.99
MVIS,0.822
PEG,53.111
CAJ,28.909
SONO,11.23
TQQQ,44.039
IQ,19.27
GLOW,0.138
GOVT,24.788
MIDU,36.921
CDE,4.992
BZQ,26.144
LXRX,4.33
FOXA,49.01
IDXX,207.006
ADP,138.995
NVDA,134.71
AKAM,64.211
UGL,38.886
WTER,3.496
CURE,51.367
AAPL,162.985
AVCO,5.497
IEFA,58.412
SAGE,132.108
LODE,0.18
TRGP,43.142
GLD,124.285
FCEL,0.513
EDV,112.343
MTEX,18.963
EA,87.854
GPP,15.341
ICPT,115.296
BRO,26.684
CYH,3.729
BBD,11.436
TMP,73.787
MYND,2.013
VNQ,82.469
ONCY,1.968
BPMX,0.102
USLV,80.518
SBLK,7.354
XLF,25.966
BIIB,325.871
TMFC,19.904
SXI,78.804
SILV,3.417
EWA,20.608
ATTU,24.487
IPFF,15.61
BA,388.178
BE,9.359
SPY,266.283
CODX,2.978
FSMB,20.174
FXI,42.327
CLDT,20.138
MCHP,79.257
INTC,46.957
UWT,14.195
XME,30.164
GOOGL,1086.611
EXP,71.167
CRON,18.726
KNSA,17.992
CRCM,23.054
OSB,28.9
NOBL,62.908
ONCS,0.852
TSCO,89.935
CPG,2.966
BKD,8.132
JD,24.268
WAT,230.428
DSGX,30.679
FDUSL,25.459
PEGI,20.993
NFEC,7.234
TXMD,5.029
FTNW,2.094
BNO,17.557
MBT,8.413
ARKK,41.762
CVNA,37.368
ZIXI,7.482
ERI,44.813
SINA,57.602
CELG,87.72
GOOG,1077.522
LBTYA,23.653
ORA,56.022
SFIX,23.202
VRTX,186.19
EPHE,34.392
XLP,52.269
HIMX,3.951
MRLN,22.193
GCV,4.923
FNKO,16.867
BOTZ,18.15
BKNG,1820.304
MDY,331.419
AVNW,13.787
BIB,51.527
TROV,0.678
CVGI,7.278
EB,31.011
CENTA,35.233
ICAD,5.393
CHKP,110.653
MOMO,29.515
PDD,29.156
BIOS,3.594
IYR,82.601
OLLI,76.822
XGTI,0.36
VSTO,10.306
PKOH,31.264
TUP,27.865
IYE,34.39
CREG,1.15
DOCU,48.69
EKSO,1.959
LONE,4.883
INDY,34.17
AABA,67.503
MXIM,53.634
UNIT,19.85
LSXMK,39.767
NKTR,42.624
CRNT,4.254
HLIT,5.135
CHEK,3.691
HRZN,11.775
DDM,42.889
BBBY,14.565
TEAM,94.826
CDW,82.455
OKTA,78.386
LFVN,14.496
AMTD,55.425
RESN,3.222
ELGX,0.75
UCO,18.299
FINX,24.928
MT,23.272
SSNC,50.317
HSBC,42.478
XOP,30.639
YUMA,0.113
ARTX,3.479
TOUR,4.426
VALE,12.479
HA,30.228
DNB,144.608
SC,18.638
OSK,73.477
CAMT,7.045
RYTM,26.055
KTOS,15.133
EYEN,3.456
LGND,116.872
SLAB,78.161
TRVN,1.126
PEIX,1.401
TWOU,56.12
AYX,70.177
SSYS,24.181
TLRY,79.51
SWKS,73.089
SKYY,52.423
TWMC,0.634
RYH,190.98
CNQ,27.123
EXAS,86.363
LADR,16.98
CUK,56.244
IOTS,4.884
FIVE,121.916
XLU,53.492
CSX,66.083
REGN,415.706
AGNC,17.98
NVLN,0.933
V,136.638
GDX,22.11
ALRM,62.039
BZUN,34.402
BSTC,64.434
MUC,12.848
AROC,9.658
BEDU,10.174
IGT,15.723
VLGEA,26.679
SGMO,11.393
OBE,0.407
TCPC,14.248
PCSB,20.341
PTCT,29.594
ERY,47.649
ERX,19.817
XLE,63.03
STIM,16.663
PLUG,1.389
LFUS,173.444
JMEI,2.594
CHTR,290.618
STAA,34.184
JAZZ,125.714
RVLT,0.632
KHC,46.801
AVEO,1.754
MIME,35.6
ZBRA,171.049
ALDR,13.546
TLT,120.71
EIGI,7.985
BBL,44.108
CDNA,26.571
YNDX,33.136
DIA,249.319
OIIM,1.51
IJH,182.314
PFG,47.625
PUB,29.441
HNRG,5.63
XLK,65.793
SDS,37.718
DTEA,1.499
GTHX,20.851
ATLO,25.215
ANTM,299.367
UBIO,26.546
CDK,49.101
GM,38.666
EWZ,44.171
MB,36.435
VWO,40.959
SAP,101.798
OLN,23.813
XLB,53.973
JOBS,66.571
NYMT,6.241
SSRM,13.446
ENFC,23.406
TSLA,302.349
TECS,22.434
SDG,56.406
CSBR,11.179
EZU,37.325
PII,83.61
PEP,110.351
VOO,244.837
OMER,12.963
TIPT,5.887
DFEN,41.114
TCMD,66.141
ACIU,3.821
VBIV,1.64
SLVO,7.056
VGIT,63.473
TLP,40.838
OPP,16.813
OHI,39.457
XLRE,33.941
BTX,1.47
TVIX,45.05
XLY,107.203
LAUR,15.733
CBPO,78.286
XBIT,6.479
ZS,45.498
DEUR,29.717
HUYA,20.143
XLNX,111.683
LPLA,69.68
EMB,107.418
CLCT,13.53
GLOP,22.683
KRYS,21.887
HQY,63.015
OPK,3.654
ARNA,44.385
NYCB,11.252
FC,24.119
HYRE,4.519
SIG,24.282
GRVY,38.043
JE,3.709
RBZ,1.4
CULP,18.291
FBIO,1.558
LOGI,35.986
CTRP,32.049
RDS.A,59.498
SNY,42.562
TEF,8.687
URGN,40.766
JNUG,10.812
HALL,9.634
MLNX,86.371
TUES,1.81
ROKU,43.739
EVOP,25.151
GRPN,3.659
DLS,64.443
PAYX,70.52
TTOO,3.455
ARAV,3.759
DOMO,25.584
CGNX,44.061
ERIC,8.903
SEND,49.575
RRTS,0.488
QQQX,21.514
KVHI,11.151
IBB,107.063
SPN,3.778
RFIL,8.193
TWTR,31.901
CBAT,1.092
UCBI,26.164
VREX,27.992
GSVC,5.672
UGAZ,38.628
PETX,4.279
CY,13.86
NXPI,86.892
COHR,113.078
XLV,88.984
PYPL,92.084
WPP,57.707
BTG,3.055
CTXS,101.176
TELL,9.578
AVGO,270.661
SAM,244.305
RKDA,3.516
TROW,88.421
SPLK,121.876
EARS,0.427
TGTX,4.238
CPTA,8.196
MITK,10.773
UAA,20.921
MDB,88.395
SDLP,1.046
ADI,98.119
ABMD,332.665
PGNX,4.468
STLD,36.629
NBN,19.982
CRZO,12.086
EAGL,10.21
P,8.513
SESN,0.726
ILMN,273.47
BNDX,54.7
SIEN,11.174
GSIT,7.787
MRCY,57.901
WHLR,1.613
COST,210.623
BLUE,127.786
NCNA,13.437
VUZI,4.033
GRTS,12.894
ALGN,222.529
ARCE,25.301
FB,148.222
PDLI,3.17
SNE,48.762
MTP,0.122
HIHO,2.965
UCFC,9.395
CSCO,46.371
FBSS,19.25
FTR,1.893
AXTI,4.01
ASLN,3.506
TPVG,12.58
OILU,21.393
CLDC,1.228
BABA,164.607
SAFM,122.735
GRFS,18.659
PHII,3.464
SIRI,5.93
TME,14.99
IGLD,0.591
MIXT,15.7
NTGN,4.529
SCYX,0.711
SPWR,5.626
CZR,8.998
NGG,53.805
NTNX,50.17
CFMS,0.549
SAEX,4.138
NOK,6.53
LULU,149.482
AMGN,183.226
PTN,0.679
CSIQ,20.822
PLPC,55.464
RDS.B,60.668
SQQQ,13.428
MGTX,9.288
CIO,11.434
CNAT,2.218
OTIC,2.0
GRMN,68.85
IPCI,0.341
NVUS,2.952
SSO,104.55
SVXY,46.702
SPXU,37.887
SPXL,39.234
SPXS,25.309
SH,29.423
SDOW,15.562
MCHI,57.995
WDAY,170.201
GERN,1.026
INSY,3.456
BHF,36.818
BKYI,1.411
PRAH,103.935
BSMX,7.391
LRCX,170.215
PCAR,64.436
ISRG,500.695
CMRX,2.298
GRNQ,3.2
NVTR,13.991
ARCW,0.963
CHFC,44.858
FOLD,11.331
ORLY,343.594
DGRW,40.283
BPRN,29.645
SIMO,38.864
NBEV,7.175
SLX,39.159
FHB,26.332
INSE,6.763
IWB,148.169
ATRO,30.756
YORW,32.356
INVA,18.672
ACRX,2.417
SMBC,34.316
MIK,13.673
AQ,8.798
PI,14.641
INTU,212.138
AROW,31.182
EVLV,0.568
LTRPA,16.264
SRTS,7.641
X,22.262
TEUM,2.474
EIGR,13.793
GNTX,21.57
QSR,62.279
GALT,4.952
PYDS,2.453
IWF,139.859
AFL,47.312
TXN,101.356
CPL,17.081
FCX,11.098
WELL,76.589
NTR,52.077
PHG,37.869
JNJ,131.248
ERIE,144.589
RELX,21.915
TOT,53.781
CMSSW,0.23
TTWO,102.108
PAVM,1.012
RGSE,0.514
SND,2.521
TOPS,0.941
PETZ,0.62
VRSN,166.287
EXPO,49.274
SXTC,6.926
LILA,15.969
CARA,14.956
STI,61.21
WATT,7.358
WDC,43.172
IEMG,50.858
RTIX,4.315
ESGRP,25.184
DFS,67.379
NVCN,0.743
JBLU,18.319
AMP,119.555
GPRO,4.884
CLXT,12.553
IONS,54.79
GD,168.217
FLXS,24.771
MKGI,2.38
HYGS,7.373
EQNR,22.447
VNQI,57.146
WPM,20.405
AAXN,48.961
DUST,19.635
SUNW,0.38
EZPW,9.372
DJP,22.537
NBIX,86.094
CLSD,1.138
MELI,359.856
VIXY,31.031
MRVL,18.358
CWCO,12.741
IDTI,48.778
PDVW,38.453
ALV,77.808
HLT,73.997
CVLT,64.83
MMS,68.598
DBX,23.678
RARX,19.892
VSTM,3.134
CLDX,0.383
APDNW,0.019
AMRN,16.868
OPI,32.289
RWLK,0.287
GOGL,5.048
SCPH,3.879
HONE,15.189
CBLK,15.395
KOPN,1.287
IRTC,84.245
CAT,128.769
SPRO,9.468
SGEN,73.459
QID,41.284
MDGL,110.526
PBR.A,13.767
UGP,15.149
ADES,11.483
LVS,57.948
WIX,105.949
URA,12.632
EQIX,382.756
GOL,12.959
LC,3.063
CSQ,11.72
ABEV,4.761
DFJ,67.556
XOM,72.027
PM,74.813
ENB,36.541
OTLKW,0.256
HCHC,3.357
GS,201.316
EVBN,34.358
MOFG,27.726
GDXJ,32.198
CSTE,14.892
SMMT,1.329
EXPD,68.893
MNGA,0.244
AMX,15.623
BTAI,5.501
APPN,31.565
KEYW,6.983
ALB,79.454
DBVT,6.476
ZYNE,5.069
SMBK,19.255
CALA,4.303
HMSY,28.794
LNC,57.778
EUFN,18.285
AAL,36.443
CUTR,13.785
TAL,30.359
IPAR,66.743
VOD,17.853
NVAX,2.239
STAF,2.31
MKSI,81.395
MCHX,3.985
DMRC,19.24
OPINI,23.986
MESO,4.571
HBMD,13.301
DRE,29.83
TIS,1.12
INDA,32.039
IPGP,130.668
PCMI,21.062
WYNN,119.974
USB,51.105
SP,32.915
SLGN,27.323
PTX,0.446
FBMS,32.231
WASH,51.741
USCI,38.749
NVMI,24.371
NRZ,16.828
ON,19.727
REG,64.721
GNE,8.717
LECO,86.563
PDCO,22.151
SCO,20.455
IZEA,1.659
DRQ,37.401
HSGX,0.135
NEWM,13.67
COUP,79.308
HOLI,20.076
BIDU,167.559
NTGR,38.083
ACET,1.197
LANC,157.388
CASY,129.431
GPOR,8.515
SGU,9.071
IMGN,4.934
IGSB,52.097
VIV,12.961
CVS,66.079
BGNE,123.694
FRPT,35.909
EGLE,4.083
AMAT,39.252
NRIM,32.865
MBIN,21.032
CMTA,13.084
UXIN,3.459
ZG,33.081
ATVI,45.893
ALXN,119.406
CCMP,101.309
OLED,102.449
HZN,2.012
BIOC,1.905
MO,46.862
CVCY,19.761
MJ,33.828
AKG,0.754
AA,29.209
QTT,9.473
EHTH,57.864
FRPH,49.564
BVN,15.492
TECH,165.928
JVA,5.78
LGIH,59.422
VIAB,28.45
WP,84.165
RTRX,20.92
FDN,128.786
ECL,155.95
VERU,1.487
ACN,152.904
BAC,29.298
JPM,104.489
YY,67.227
KINS,16.337
HURC,37.776
MDRX,11.703
WPC,73.968
BSRR,26.886
QDEL,55.633
INFN,4.365
IUSG,55.664
MRNS,3.105
CTIC,1.141
CQP,40.491
BATRK,26.763
NCLH,50.313
DWT,9.085
BATRA,26.931
SCCO,33.46
PVH,108.634
FSLR,50.563
ACHN,2.106
AFIN,13.026
GLUU,9.417
NEOS,2.107
CEPU,10.103
FTNT,74.147
NEO,16.551
CGIX,0.246
TECL,98.784
VERI,5.45
ACAD,22.505
SFST,36.991
NAVB,0.129
WEC,71.109
III,4.159
CIDM,1.005
QCRH,34.214
NWPX,22.221
WIN,2.867
CONN,20.989
TMUS,68.087
AXO,25.132
FWRD,58.449
PSA,210.632
FBIZ,20.66
JAGX,0.251
EBMT,17.35
ANAT,137.461
UMBF,63.986
FANG,101.409
DRYS,5.161
HON,142.394
ANET,207.865
FISV,84.434
DSLV,25.426
FIZZ,83.433
CLRB,1.962
CHK,2.881
RUN,12.347
PLAN,29.963
EHC,67.12
ITW,134.813
CHD,63.6
ORCL,50.14
T,29.307
SPR,83.082
ALSN,48.86
FAST,59.949
TIF,87.631
ATNM,0.548
MRK,73.406
WKHS,0.888
LIVN,88.478
CRUS,38.175
LBRDA,75.071
MNTX,6.971
NH,0.564
ZAYO,26.692
SCHW,47.054
CHUY,21.847
EVBG,59.932
RAND,3.109
CTXR,0.995
MET,44.962
UTX,118.839
GFN,9.058
GHDX,73.484
GBCI,42.578
FOXF,59.358
LASR,18.519
LIT,28.302
KTF,10.9
APTO,1.991
CDXC,3.246
MTDR,19.532
CACC,409.901
FBP,10.569
DLTH,22.951
IWD,118.418
AAWW,51.417
RP,54.416
ZN,0.482
CMP,51.9
NSC,167.334
KEM,20.882
VRNS,57.439
AVAV,74.948
FRC,96.779
KMB,108.38
AKAO,1.682
NATI,41.838
MTCH,52.127
DNBF,35.665
RGLD,85.57
MANT,54.881
MERC,14.347
RPD,37.688
WDFC,178.16
INSM,24.269
MACK,5.345
HABT,10.273
XNET,3.404
SONA,14.981
CMTL,24.726
SLM,10.787
UFPT,32.362
ABDC,7.044
WCG,275.465
AZUL,28.649
SAIL,27.57
USMV,54.77
FOX,48.738
AWSM,2.752
ETN,72.07
RY,75.818
CDXS,17.566
NYMTN,22.491
TGA,1.78
INOV,13.977
WM,94.635
AIPT,1.04
ABEO,6.543
RGNX,42.462
DRH,10.062
VWOB,76.404
MNR,13.496
LSXMA,39.648
SPSC,86.647
APU,30.254
COF,80.458
LPSN,22.562
BCRX,8.67
FITB,27.227
APC,47.309
SIX,61.061
VYGR,10.454
HASI,22.394
AG,5.898
EC,18.219
WB,58.439
MTL,2.403
DK,31.733
KGC,3.311
SCHL,41.132
INO,4.9
BLDP,3.539
AMKR,7.89
ZLAB,26.917
CRMD,1.863
CGC,48.563
CWH,13.977
PACB,6.908
ORGO,14.03
BSGM,4.304
TDOC,61.651
OCX,5.248
DNLI,18.855
ARPO,4.009
IPWR,0.352
LBRDK,75.464
OPNT,14.875
DE,162.092
SANM,31.79
EMN,81.938
JCI,32.879
FLKS,0.31
UHAL,357.949
BMY,48.753
HDB,95.515
GIL,33.724
AIMT,22.435
H,68.921
ONTX,2.351
GV,2.695
PRFT,25.118
DMLP,16.628
HMNY,0.011
MRTX,63.34
ESV,4.532
DG,115.241
IXN,153.648
AMTB,13.881
HWBK,23.0
CID,31.72
JPHF,24.52
EBAYL,26.206
DLN,89.33
PETS,22.686
UPRO,41.585
SPOT,135.581
CLFD,12.082
CRBP,7.084
OZK,31.623
CFG,34.842
TEL,79.509
VTI,136.703
GBT,46.32
ERUS,34.748
ORC,6.99
TMHC,18.387
OR,9.593
EPI,23.648
HTZ,16.232
TLC,6.482
CHGG,34.692
ATHN,134.512
CPST,0.85
GOOS,49.269
TBT,35.647
RSG,76.253
MDLZ,43.721
FGM,41.569
OPESW,0.241
NNBR,8.98
TORC,8.406
E,33.539
AZPN,95.412
CINF,79.803
ARAY,4.381
F,8.605
JKL,137.426
GLBS,3.375
KIM,17.344
OTEX,35.061
VSM,37.122
SQBG,1.039
AMRS,2.906
AST,1.033
SLS,1.446
GRUB,79.291
MS,42.52
TD,55.911
PULM,0.179
QLD,76.067
TJX,48.865
DHI,36.841
DERM,6.576
SBS,11.553
FEZ,35.146
GLG,1.585
HBM,5.943
GLOB,68.295
RHT,176.174
DVAX,10.871
RYAAY,69.96
ARQL,3.435
EOLS,15.49
ROLL,137.88
VEEV,107.44
JDST,40.638
EDIT,21.167
SHW,404.882
MDT,86.893
MEOH,57.06
UNM,33.837
EMLP,23.344
COP,65.575
NUGT,19.771
KL,30.937
AGS,24.59
ALLY,26.555
CB,132.186
CBU,60.47
CTB,34.198
BND,79.586
MEDP,63.215
IXUS,56.189
ES,67.418
XEL,50.98
BX,32.808
C,63.902
ENZL,47.915
CRM,147.879
BPFH,11.743
UAE,14.1
QAT,19.443
EW,167.533
ENTG,33.348
EQR,72.136
PEN,140.501
NBR-A,24.02
FAS,57.632
FAZ,10.35
TECK,23.687
ANCX,24.282
KIN,9.868
OKE,64.112
ONEQ,279.581
VIVO,16.092
IYF,115.87
HYG,84.7
VAR,131.636
VCLT,87.344
ZNH,35.111
AKS,2.811
DIS,109.714
EWJ,54.002
NKE,80.582
SELB,1.682
JNCE,3.886
BCLI,3.691
INGN,148.612
L,47.85
PTE,17.762
FIX,47.467
SDIV,19.023
PKE,22.505
IJR,75.747
BST,29.967
TAOP,1.102
HL,2.597
RUBY,13.645
LXFT,57.697
HRL,41.708
LOVE,23.414
M,25.596
NVO,46.86
XYL,71.098
OPTT,0.298
NMM,1.016
FTS,35.339
ASRT,4.247
CVGW,81.545
VHI,3.272
EWQ,27.972
STML,10.709
TAN,22.37
SWN,4.559
DAL,49.759
NANO,30.756
ROCK,35.024
TCBK,37.178
MODN,14.274
AR,10.346
AXE,59.727
CFXA,115.901
ALG,86.463
HCP,30.847
MGM,28.74
NEP,41.046
BDXA,60.857
AMPE,0.494
MTN,186.384
MTRN,47.048
NUW,15.857
QTS,41.58
THR,22.857
PFGC,34.211
TRQ,1.684
WLKP,23.452
CRH,28.876
HEDJ,60.257
GLPG,101.015
EWL,33.175
OIH,16.931
NVS,85.621
PPBI,29.871
KEN,18.05
VNCE,11.681
OGE,40.265
JBL,26.084
BYD,26.576
ENDP,9.462
ACOR,15.987
LM,28.848
FFBC,26.316
TZA,11.357
UDOW,86.222
SYK,178.033
BOKF,85.076
PRIM,19.732
FSS,21.546
ALDX,8.48
AGN,143.681
AKRX,4.085
ARWR,13.406
GTN,16.229
CREX,2.387
GNL,19.554
CEI,0.463
FMBH,32.583
CTK,11.678
CLNE,1.888
VKTX,8.104
SHV,110.522
GNW,4.689
DB,9.239
EWT,32.453
CXSE,66.954
GH,39.652
RUSL,40.77
MSF,17.384
BURL,169.658
STWD,21.685
MMLP,13.495
BR,100.032
IVC,5.166
KNX,32.833
GG,10.924
BGG,12.543
TUR,28.577
WTW,31.732
UEIC,27.362
BBW,4.9
KALA,5.29
RDFN,17.471
AZRX,2.029
CLF,10.585
ADRO,2.52
FLIR,47.987
CQQQ,43.654
AER,48.046
NTAP,63.103
NAVG,69.763
OMAB,44.107
ABBV,78.099
AEMD,1.328
ATIS,0.31
CSWC,21.604
AXNX,14.306
APDN,0.467
PFE,41.286
ATRS,2.975
MKTX,210.879
GROW,1.258
INPX,2.208
NAT,2.051
FOSL,17.3
BLK,406.79
ETFC,46.479
EL,133.147
DGAZ,89.454
RHI,64.749
CBIO,8.299
PODD,76.195
TYME,2.732
GPN,112.59
BRZU,37.695
BNFT,54.342
SSL,30.548
WTI,5.071
PIR,0.873
ODP,2.94
KO,47.601
RILYH,25.628
RIG,8.586
KMI,18.06
MPW,17.945
CHMI,18.518
OPHT,1.26
RCL,119.204
WK,39.292
GILT,8.994
EMR,64.846
SHY,83.668
AT,2.469
ALL,87.037
AWK,93.737
NVEC,93.65
DWDP,59.192
CCJ,11.967
CIM,18.945
BSX,37.257
ELY,16.131
MNST,55.901
HEAR,14.458
FHN,14.917
EWP,28.755
HCA,138.292
CJJD,2.095
ICE,75.898
K,58.21
LEN,45.599
O,67.369
IAE,9.017
MLSS,0.397
JNPR,25.713
CTRV,0.286
SAR,23.114
RF,15.619
NGVC,13.543
KDP,26.568
PXI,32.054
RHP,78.963
NXR,14.681
TS,24.821
RMD,92.82
SFS,6.242
VEDL,11.139
VIPS,7.484
URBN,32.082
IPHI,38.419
VZA,25.901
LEXEA,40.842
MGA,52.102
WIT,5.483
IGF,42.313
QUOT,10.036
AUY,2.739
NEM,33.559
PGR,66.221
XSPA,0.182
LLNW,2.943
PCG,13.594
NIO,7.331
ALEX,22.639
ING,12.09
MTLS,15.849
ZBH,107.705
CCI,115.646
RING,17.178
UPS,100.883
EWS,23.465
ILF,34.375
EWW,44.323
AMLP,9.919
HSDT,7.398
JRVR,37.988
IBM,134.159
ED,75.994
SMH,95.678
CX,5.312
AGQ,27.861
CLLS,16.57
BPY,17.778
AXSM,8.094
INSG,5.204
COKE,212.019
EWH,24.349
REET,25.97
SNR,5.125
TCDA,20.322
BDSI,4.493
UNFI,13.181
GE,9.122
VMC,101.612
ESTC,82.437
BRK.B,205.234
SLB,44.459
KKR,22.441
JWN,45.844
SPAB,27.982
BHC,24.162
EXK,2.144
MWA,9.594
OILD,27.663
TEVA,19.89
IYJ,141.874
JNK,35.131
BK,52.416
ESGD,60.946
VEA,39.689
PBCT,16.801
FE,38.674
HOLX,44.605
RH,134.227
AEE,67.834
ALLT,6.762
BDX,243.628
BRX,17.009
RBS,6.426
AVID,4.582
PSQ,32.274
BXMT,34.125
STZ,169.457
SKT,22.983
IR,98.787
AUDC,14.634
CP,206.672
ASRV,4.15
SPSB,30.324
CLRO,1.98
VER,8.022
HRS,153.662
LFC,12.01
QD,5.225
GME,11.222
USEG,0.919
BAX,71.218
LYB,87.627
ORI,20.083
MA,202.025
PAM,35.218
WPS,37.888
SWM,31.558
EGI,0.425
CVX,112.671
RTW,3.018
NXEO,9.158
USB-O,24.687
USO,11.416
BYFC,1.362
CATM,28.139
FPRX,11.066
TAIT,1.964
NTRP,4.065
ARES,20.718
AVGR,0.322
SMG,72.047
ZTO,17.054
AVB,190.923
UVXY,58.048
CMA,82.036
SNMP,2.288
CIG,3.713
FDC,25.007
ISBC,11.824
ARNC,18.668
TLGT,1.712
DDD,12.11
TWM,17.005
KEY,16.776
EYES,0.825
KRNY,13.231
CYRN,2.592
JHG,21.706
HES,52.763
SPHS,1.111
CEFL,13.74
IBDP,24.313
AIG,42.544
REMX,14.321
PANW,210.13
WMT,94.872
MYGN,28.267
FL,56.357
EBR,9.855
BCS,8.471
WHR,131.131
SGYP,0.337
EPD,27.598
SAMG,12.818
AL,37.86
ITUB,10.178
RNN,0.629
EWY,64.577
CM,84.356
APPF,60.119
TRV,125.269
HSTM,24.676
CATS,12.344
MLM,179.502
ESND,12.807
TNXP,2.003
TRVG,5.735
ESLT,123.115
AVP,1.921
BBDC,9.845
REZI,20.674
SEE,38.984
VRS,24.707
WY,26.146
MKC.V,122.797
RJF,80.618
OEF,117.742
TSU,16.073
ETM,7.197
QRVO,65.019
ENPH,7.171
MBII,1.423
REGI,28.048
GSBC,53.092
SMHD,16.44
KR,28.156
IT,132.568
VXUS,50.554
LLL,197.491
CARO,34.83
FLS,43.395
CMI,146.275
XNTK,64.855
SGMS,24.377
TTNP,1.212
GWPH,139.148
MDCO,21.54
UBS,13.127
SPDW,28.298
ACWI,68.549
UN,53.885
NICE,108.127
SAN,4.8
EDC,78.448
MIE,9.078
MRO,15.983
TSM,36.899
MNKD,1.207
SNAP,6.469
TCF,22.616
CCK,49.503
OFG,19.635
CAH,48.749
XT,35.689
FTLS,38.003
PTSI,52.308
LW,72.69
DISCA,25.893
DVLU,17.292
STM,15.988
TMDI,3.428
LPI,3.766
CRI,84.24
PVG,7.697
WWD,85.975
BNS,56.564
WFC-O,23.038
HEWJ,29.832
AMOT,41.687
BRS,3.658
QEP,8.434
GLW,33.446
NOC,279.838
OIL,56.324
PDBC,16.225
WMB,26.923
CALM,42.537
CLDR,12.999
HST,18.14
PRU,90.919
WEN,17.329
BAC-L,1291.491
UNG,25.586
EGHT,17.21
RAD,0.834
HFWA,31.394
CPE,8.163
ADXS,0.344
CC,35.735
NITE,13.094
TENX,1.17
VGT,178.412
RGEN,55.321
FLXN,14.007
TPNL,4.62
FIXX,19.583
LOW,95.049
SOGO,6.208
TTM,12.487
RNR,138.01
HIIQ,37.43
MUX,1.793
WFC,50.022
CNA,45.266
ABIO,0.434
SKM,25.557
WUBA,61.193
D,69.38
GT,20.845
XHB,35.762
SFM,23.953
DRIP,10.779
VPU,119.758
SO,47.732
PNC,124.278
TYHT,0.512
NMCI,2.855
WRD,17.211
KBWY,31.86
PAAS,14.57
MMM,197.857
IVV,267.993
ZION,48.32
EQT,19.921
DLPH,17.662
FMX,90.787
ARCT,5.155
PG,94.151
CPRI,42.742
PEI,7.576
ROK,170.334
VEON,2.465
FET,4.926
NDSN,128.47
REFR,2.527
SYY,62.768
BLMN,19.078
PSTG,17.586
NTCT,25.947
CIT,46.737
HBI,14.972
SBAC,178.614
AMN,64.305
EWU,31.256
AME,72.061
RPAI,12.63
AGEN,3.441
PFF,35.998
BT,15.365
OVBC,35.428
SJM,103.645
MD,36.419
NGHC,23.884
FSCT,29.61
FLIC,20.694
RMTI,2.932
MSEX,54.843
IGE,30.32
JEC,63.385
ZIV,66.772
YINN,21.822
EXC,46.555
TTEK,50.001
CTWS,66.942
WPX,12.278
ZUMZ,25.19
CTBI,41.129
PVAC,52.351
MGLN,66.052
OMCL,63.196
FRBK,6.001
SPEM,34.746
RDIV,36.264
MTB,167.278
BBT,49.174
DXC,63.061
BEAT,69.356
SNDX,5.343
ORBC,7.976
HWKN,41.611
SBGI,30.454
ULTI,268.062
CSTR,15.975
GLPI,36.783
PRTA,11.69
ASMB,21.536
ALTM,8.213
JJSF,153.388
PS,28.325
MLPA,8.798
CHRW,86.158
SPAR,7.995
PAYC,144.209
ATRA,35.362
SYNA,39.8
CODA,6.04
XLRN,40.444
INCY,78.987
RXN,25.317
STRA,108.673
NOVT,66.884
BL,44.811
IRWD,13.23
FNSR,21.535
ILPT,21.139
PTLA,27.002
SRDX,50.362
SGC,17.595
NSIT,45.182
SUPN,37.535
EPAY,49.548
HDS,41.363
EDZ,46.78
BLKB,69.948
ALTR,31.781
SRCI,5.059
MNK,21.561
ONCE,44.028
CORE,27.911
FNWB,15.238
VOYA,45.973
GTLS,73.532
EGOV,14.239
CSOD,55.155
VCEL,16.644
SPTN,21.058
TEX,29.998
LTXB,40.47
DGII,11.438
EBIX,56.026
CARB,28.12
BCPC,81.8
ESPR,44.661
AMRK,13.134
CMPR,116.505
CHCT,32.281
EFSC,44.862
RCM,7.884
MYOK,41.479
VRSK,117.421
SGH,24.293
ANIK,37.714
ITRI,52.763
AMSF,59.323
DVN,27.341
GUSH,11.587
NDAQ,86.39
TRUP,25.127
DXCM,142.061
AEP,77.371
LAMR,74.32
BELFB,22.746
CYTK,6.886
SPPI,11.026
IDCC,71.959
SMTC,47.801
ASTE,36.432
LMNR,21.683
PBYI,26.203
ANAB,63.865
BLDR,12.806
COHU,17.609
FIVN,48.734
CSII,29.55
IXJ,58.49
RDUS,17.642
HTBI,27.138
SQM,41.895
SIVB,242.053
PDEX,14.581
BMRN,95.338
LMAT,23.743
CATY,37.387
LILAK,16.193
BPMC,70.09
AMAG,15.267
HUBG,44.34
AERI,46.849
QLYS,82.998
HSKA,98.432
WYND,42.403
NVCR,47.111
SHOO,32.331
MANH,48.126
EWBC,52.235
TRU,59.32
AWI,66.287
GPK,12.115
PCRX,40.243
BF.B,46.289
PPL,30.764
HK,1.68
ESL,121.534
BCE,42.986
TU,34.93
BLCM,3.117
UA,19.004
MGRC,49.623
JBSS,64.252
CNX,13.474
DNR,2.057
CLR,46.417
VIA,32.858
AMJ,25.171
NFX,18.392
ECA,6.932
ARCB,40.52
CG,17.744
TRCO,45.787
BOXL,2.556
OAS,6.152
CHL,52.434
WBC,113.16
CRL,121.65
GSB,4.596
QUAD,13.585
LKSD,7.905
MBSD,23.069
HR,31.876
STOR,31.748
DOC,17.852
DTE,115.266
CI,197.942
COF-G,23.961
CAG,21.435
AJG,72.5
SDY,93.953
PWR,34.906
CVIA,4.758
FMS,36.294
AY,18.167
HLG,35.117
ECH,45.831
RTEC,21.51
ABB,19.154
TCO,50.39
BILI,18.076
MASI,122.08
XOG,4.087
CRC,20.168
CDEV,13.218
OXY,66.856
NBL,22.717
PBF,34.995
CXO,119.446
SM,19.894
ALT,3.122
ESNT,38.746
PTEN,11.859
WLL,28.834
ZSAN,2.434
RDC,12.436
LBTYK,22.785
MEET,5.586
ASPS,22.964
APA,33.155
RIOT,1.883
WU,18.269
IBN,10.442
ENLC,10.953
GPRE,14.22
REI,5.796
MUR,27.676
PSX,94.484
MFM,6.572
CEN,8.203
SFBC,33.771
MDGS,2.49
LOGM,90.389
LCI,7.466
RODM,27.476
VEU,48.701
MUSA,80.592
PRPL,5.693
AMED,129.178
ITRM,6.697
SNSR,17.623
ORG,26.214
TENB,26.966
ABUS,3.619
DLTR,95.941
HEI,82.327
AEM,42.7
SLF,36.074
GGB,4.317
OFIX,52.452
HEP,30.659
DENN,17.56
BEL,24.897
FLR,36.088
AMGP,13.857
XPER,21.144
GRA,71.173
EWC,26.893
HPT,26.507
AEHR,1.181
UNP,160.337
NVTA,13.972
HFC,55.203
RBBN,5.553
BKS,5.822
DOV,88.313
HBAN,13.548
ROIC,17.734
AJRD,38.764
BAM,42.119
FMC,80.541
WFT,0.642
EV,38.161
HT,18.557
KNDI,5.829
FTXL,29.0
PRMW,13.095
FIT,6.032
VVC,72.292
MYL,29.968
TGT,72.048
PK,29.732
ACT,22.942
NMRD,1.028
OLBK,27.058
TGH,12.77
CBSH,61.019
NSPR,0.179
ANSS,161.613
GGG,42.993
SGDM,18.526
FPAY,0.807
DPZ,277.557
NUS,64.284
CASH,23.863
CHN,18.897
BRF,22.851
TDC,44.114
AVT,40.73
PLNT,58.029
TSEM,14.69
SFL,11.961
ICLR,137.398
RDHL,8.573
UPL,0.754
VONG,143.926
MTSI,17.491
DGLY,3.631
DECK,126.249
GSAT,0.662
ITB,33.08
YETI,16.759
ROST,92.0
AZO,841.502
FNV,76.124
ASNA,2.428
BPR,17.886
Z,33.345
CANF,1.241
SWCH,8.036
MOSY,0.179
AYTU,1.171
AGCO,63.632
PHM,26.732
OHRP,0.122
TILE,15.895
NRO,4.585
SOXS,9.419
ZGNX,41.82
AES,16.208
GDS,25.876
AMU,15.83
IRBT,89.307
CCU,27.175
SMTX,5.254
MFC,15.942
ADSK,143.126
NXTD,1.122
SHO,14.326
CLD,0.376
CLS,9.76
ZUO,21.271
MPC,65.088
GTT,27.847
SURF,5.595
SAND,5.03
CBS,49.272
TXT,53.3
BKLN,22.453
CVE,8.057
ACCO,8.833
PGC,27.043
NXQ,13.704
GSG,15.306
PYX,14.26
AEL,30.48
TKR,43.303
CHA,54.84
CSTM,8.175
SOXL,102.982
PLD,68.107
CS,12.387
UTSI,3.405
ECF,8.99
MXWL,2.981
NCI,25.393
HIG,46.48
FIS,104.859
COLD,28.739
IGA,10.035
ARLO,6.927
MOS,31.747
MOD,14.026
JSD,15.392
ATAX,6.48
TPX,52.493
HIFR,21.115
TOCA,10.733
FCF,13.75
SYF,30.048
AQN,10.937
IVE,108.953
HPE,15.502
IDRA,2.739
TTI,2.178
VUG,143.914
TRNO,40.232
ROYT,1.806
LJPC,5.607
WETF,6.49
AXGN,16.291
IWO,184.169
ATHX,1.56
GPC,98.898
REXR,33.741
EAD,7.601
BXP,129.501
ABIL,2.036
GVA,42.583
COWN,15.544
AIG+,7.045
SNCR,7.298
FUL,48.548
MSM,83.678
PME,2.3
FDX,176.013
VO,151.516
BGS,26.345
CNXN,31.993
FEYE,17.435
PLXS,55.412
RS,80.909
NEE,173.395
VSS,100.79
JEF,20.839
XEC,75.838
SILC,31.365
EPZM,9.922
NIB,24.878
WPG,5.765
TYG,24.639
BTU,35.899
TTGT,14.245
JAG,10.538
DBC,15.611
OSPN,14.054
PFPT,98.584
RDWR,23.695
SYMC,20.616
FFIV,158.316
CBL,2.433
HPR,2.81
WLTW,160.384
ITG,30.248
HDLV,25.455
KFRC,32.466
CLI,20.336
KOS,5.008
NRG,40.194
TRN,23.1
HP,55.482
EXR,97.213
RMBS,8.98
IVR,16.004
TSE,49.199
IBKR,50.685
SBGL,3.224
COG,25.509
RRC,11.632
MFA,7.277
IWN,118.172
NWS,12.786
NRE,16.481
RECN,16.572
AHL,41.801
SHOP,160.503
UNVR,20.606
TSN,62.0
MRKR,5.431
CLNY,5.865
TBLT,2.544
MSCI,162.05
CAC,40.089
CNC,130.104
IPG,22.698
SOXX,171.386
VFC,84.248
CNK,40.174
SHEN,46.007
CUBE,30.742
MSI,116.485
CPRT,49.901
TLRD,12.449
COMM,20.908
OCUL,3.783
SEDG,42.144
STNG,19.902
PARR,16.444
MARK,1.86
SNNA,2.476
GNMX,0.193
TBBK,8.574
NUE,60.048
CARS,27.491
LDOS,58.051
TNA,54.891
XBIO,2.116
ALNA,7.772
SPGI,187.076
BHLB,27.948
NMRK,10.141
PCY,27.104
ISSC,2.101
JT,6.013
ESIO,29.998
SA,13.829
AVYA,16.719
TRMB,36.751
XLC,43.932
BRKS,30.339
GORO,4.523
XXII,2.283
PBPB,8.672
XELA,3.619
AQST,7.176
FRAN,0.803
AMBA,37.779
NOV,29.591
DO,10.982
VGK,51.747
CERN,54.536
FNB,11.795
ETJ,8.545
UNH,270.435
HAL,31.326
ICLK,5.382
HOV,0.681
NVIV,1.614
QTEC,74.535
NSTG,21.395
NEXA,8.444
MAIN,36.632
IOSP,68.938
ABCB,37.691
FCAU,16.924
DTO,64.559
NOG,2.557
SHYG,46.113
SALT,4.836
KTOV,1.284
AAOI,16.933
IP,47.227
EQC,32.102
BB,8.04
NI,26.597
MAXR,5.743
KRE,53.786
VTR,63.891
DXD,30.888
TAP,65.248
BWB,11.225
UGLD,101.846
PRT,9.026
TWO,14.536
ARR,21.095
ATH,42.41
KBE,43.106
GIS,43.82
LOMA,12.648
A,74.565
AREX,0.959
SRE,114.339
SCHX,63.604
MTUM,105.005
CL,63.911
SRTY,29.413
AXP,101.694
AMG,104.625
DLNG,2.804
MBFI,44.91
OXSQ,6.666
UBSI,35.338
IAU,12.584
DOG,57.388
RLJ,18.639
IAC,207.024
FLWS,13.176
ALLK,39.347
NOW,191.248
FATE,14.154
APTX,5.319
FII,26.335
AVY,102.285
NMIH,21.666
ASUR,5.457
OMC,77.274
WNEB,9.317
UTHR,115.744
AGFS,4.02
BEP,29.116
FULT,16.272
PYZ,58.193
FFHL,2.153
AEO,21.144
AEG,5.217
AKR,28.335
SSP,18.278
VDE,85.168
PRNB,29.392
SYBX,7.461
CUZ,8.824
AOS,47.219
NTEC,7.784
UMC,1.841
APRN,1.459
GASL,8.24
GTXI,0.895
BFS,53.347
SES,0.784
RTN,170.853
TMK,82.536
BW,0.491
GTE,2.399
CACI,158.641
VMW,146.24
FTXD,21.53
LYG,3.001
NTRA,14.184
NAVI,11.474
GHL,28.778
LQD,115.411
TRTN,35.793
FLEX,9.117
HRB,25.577
UCTT,11.432
VICR,40.208
NDLS,7.176
VST,24.912
ELP,9.813
SSTI,47.531
BMO,73.898
MGP,30.677
BWFG,28.907
KTOVW,0.261
LMFA,1.636
GTX,15.545
FMCIU,10.19
IPO,26.86
CORN,16.3
BH,130.551
WDR,16.828
EMLC,34.369
KEYS,72.309
IDXG,0.9
TRI,51.739
URI,125.631
VIRT,25.427
DELL,47.63
ONB,16.258
XRT,44.03
NEA,12.79
ATI,26.825
VLY,10.3
JBHT,106.07
VNO,68.701
PXD,139.892
IYZ,27.421
WSFS,42.064
LOCO,16.559
LBAI,15.732
NCR,26.801
MBOT,8.475
IWR,50.863
RWM,42.541
PACW,38.975
NE,3.296
GLIBA,44.288
IRDM,18.994
PFLT,12.853
ELLI,73.369
VGR,10.541
ALK,64.748
ZFGN,4.246
PEZ,50.42
QRTEA,21.823
SNSS,0.516
CUBA,5.586
MARA,0.354
NHI,81.773
CR,82.874
GLMD,7.331
TVTY,21.948
MNTA,11.314
AGE,3.946
SB,1.519
PLX,0.435
B,58.147
MIN,3.749
MUFG,5.352
AYI,118.952
XPO,61.533
CHS,5.774
PKI,89.543
HRTX,26.184
SRS,25.318
ERF,8.814
CAL,29.63
BCOR,28.951
UFS,46.137
CBTX,32.005
UDR,43.529
THRM,40.893
WTFC,72.549
PBI,7.204
SKYW,50.421
BID,39.007
S,6.045
KN,15.196
USAT,5.69
ASB,22.05
DNOW,13.639
TPB,33.485
RYN,30.125
IRT,10.39
VRA,8.952
KMX,58.722
KRA,28.161
ASIX,31.048
MBI,9.425
RGR,53.479
MGEE,62.378
KBAL,13.701
ARMK,32.455
IAG,3.589
PPC,19.806
GPRK,16.729
GBLI,32.223
AFSS,14.459
FNCL,37.812
GRF,7.29
LUV,57.38
CDNS,46.978
HAS,90.863
SUZ,25.524
TFSL,16.731
QIWI,15.653
CMC,17.395
FDLO,31.611
ALBO,24.047
FTEC,52.703
ARCI,0.449
FXL,58.185
AWR,65.591
ARRY,18.153
ARGX,102.756
VFH,64.974
EXI,84.408
LUB,1.509
ANGO,20.672
LAC,3.195
POST,92.673
BOX,19.989
ITA,193.42
BERY,50.614
BLL,51.541
FTACW,0.798
SLG,90.877
ADS,177.828
ESS,271.583
ADUS,60.076
TREE,286.917
PFSW,6.143
INFO,51.181
GPS,25.366
COOP,15.05
RCKT,13.685
SCE-L,18.596
ARD,11.796
BIP,38.617
AUTO,3.141
VIG,103.278
CVTI,24.036
APH,87.276
GGZ-A,25.1
AXTA,25.968
CRVS,3.838
INGR,99.177
HX,2.551
MRSN,4.376
SVRA,7.488
SCHA,67.132
IMO,28.224
NBRV,1.931
ROL,36.735
AMCX,61.65
GSUM,2.093
EIX,55.698
FNGU,33.727
DLR,107.636
DOVA,7.666
CF,42.799
TBPH,24.934
CERS,5.725
PETQ,29.179
GARS,7.387
QURE,32.391
CBAY,8.667
ENTA,78.165
ITI,3.796
ENOB,6.232
IMMU,14.466
PSEC,6.775
OFLX,63.405
PRQR,14.638
TAK,20.344
NVRO,48.298
BAP,237.601
EMHY,46.281
SXC,11.125
HALO,16.086
IRIX,4.65
CHRS,12.861
IGV,187.315
AON,153.564
CENX,8.798
CRIS,1.14
PXH,21.368
RIGL,2.093
CJ,15.642
VTL,0.196
MRT,11.388
DX,6.042
SYNH,50.615
RETA,75.641
ARDX,2.086
VCYT,17.525
TTPH,1.141
AMCN,0.545
UHS,132.871
SCZ,55.799
PGX,14.145
ASND,71.176
MIDZ,13.236
USB-H,19.469
LWAY,2.727
LGCY,1.485
VHT,166.942
ARE,129.048
AUPH,6.369
DARE,0.776
APLE,16.146
CPLP,2.183
RL,116.607
NAO,3.434
BLPH,0.68
LKQ,26.333
SHAK,48.566
PNR,41.127
LE,18.274
DRRX,0.596
OCFC,24.024
HTGC,12.919
FLOT,50.752
SPG,181.482
DVA,56.004
DAN,17.548
ASTC,5.028
GENC,13.612
SMFG,7.439
IEF,104.121
IEI,121.483
AGG,106.939
NERV,6.313
LSCC,7.711
SJI,29.721
PFIS,40.802
UVV,57.564
JELD,16.981
ACIA,43.001
AXDX,18.31
YGYI,7.356
CLVS,24.327
IRM,36.72
PEB,31.964
SFLY,45.95
SOHU,20.125
HXL,67.261
SCIF,39.02
LNG,66.356
VICI,21.47
PGTI,16.163
BNCL,15.584
HCM,22.31
PNW,87.635
YUM,93.303
EQH,18.499
SCWX,21.36
TPH,12.534
UVSP,23.755
LB,27.537
RRD,5.141
AOBC,11.987
TGNA,11.567
PEGA,55.459
BFR,13.424
AFG,94.97
CSFL,24.655
DBO,9.99
AFMD,3.214
PPG,104.934
SPYD,36.418
EVRG,56.66
EBS,60.209
GEMP,1.023
APY,34.297
MSTR,129.537
KAMN,58.076
GMDA,14.386
DATA,127.262
ABC,79.167
HNNA,11.877
NBR,3.002
KWEB,42.417
VT,69.959
ALQA,2.496
POR,47.076
USFD,34.244
UIHC,16.047
CMS,51.228
KCAP,3.68
EOG,99.209
PNQI,122.702
BWXT,45.903
CDAY,39.95
PSA-F,22.943
FND,33.159
TUSK,23.069
INDL,58.525
NHF,21.633
CVA,15.758
NTRS,89.435
HGV,30.353
CTT,8.896
TPIC,29.447
IVW,159.324
RES,10.929
AMR,1.005
PNC-P,26.694
SSW,9.42
GASS,3.114
SJNK,26.925
GOOD,19.809
KIRK,10.073
LTHM,12.789
PRSC,63.06
WINA,153.428
G,29.452
DEM,43.765
GPL,0.719
CTY,19.753
EFX,105.756
VNOM,30.591
TRTX,19.525
DRI,106.001
GDI,24.549
LHCG,106.111
CHDN,90.635
WCN,81.803
VYM,81.713
EWG,26.803
ACRS,6.967
EHIC,10.032
TPRE,10.304
UBNK,14.645
KEG,1.71
TMF,18.889
SCI,43.503
HOPE,14.698
NEWR,96.78
DBD,4.145
VTIP,48.085
SPHQ,29.378
CBRL,166.634
TBF,22.602
GPMT,19.497
ABR,11.73
CMO,7.239
TRIP,56.475
IFF,139.4
QTNT,8.056
NGHCO,20.4
BDN,15.247
AAP,159.169
DXJ,49.951
GEVO,2.641
AEYE,10.999
KOSS,1.881
VRAY,6.92
TLYS,11.971
FTCH,19.647
ESRT,15.458
VTV,103.996
EVC,3.878
HLX,7.0
BITA,18.904
FONR,21.808
WRI,28.43
MAN,75.41
NGHCN,20.368
ET,14.503
VCRA,39.819
PDM,19.239
PSO,12.07
GCI,11.195
PE,18.48
COTY,7.212
TOL,35.248
CE,97.081
ARW,74.972
AMZA,5.879
MUB,109.124
DMPI,0.354
VOX,78.377
ISR,0.416
EDGE,0.429
TSG,17.346
FLDM,8.676
FXE,109.512
JGH,14.69
EWM,30.428
DCPH,25.967
AIV,49.442
EUM,18.913
AAXJ,67.787
BIF,10.633
TPR,38.041
CNP,30.198
TV,11.907
SNX,95.579
IHG,58.514
WWE,82.463
ACWX,44.774
UBNT,107.16
HEWG,25.256
IMH,3.608
NESRW,0.8
FXP,65.07
RUSS,14.615
ZEUS,18.701
SCJ,68.415
VG,9.039
PAGS,21.022
MIC,43.097
WVE,35.65
GSKY,10.966
UEPS,4.615
SE,13.533
NG,3.765
CHU,11.45
FSV,80.59
KODK,2.819
GDOT,74.231
APO,27.514
QTNA,14.466
ETV,14.583
LII,224.769
MTW,15.197
ADC,64.889
OXFD,14.096
PFS,24.653
AN,37.495
USLB,30.494
WOOD,66.234
ESSA,15.122
GKOS,61.361
LEG,40.284
SRI,25.906
OFC,24.633
ATO,95.289
FCCY,19.523
AMPH,22.14
MVBF,16.72
NBHC,32.271
CLNC,16.36
ANF,21.384
TDS,35.525
FXU,27.146
DOX,55.468
ARCO,8.857
SRC,39.021
XON,7.547
HTGM,2.121
ATHM,70.569
ELS,104.02
GES,19.327
MIDD,117.458
NSU,4.536
SOHOK,25.7
SRG,40.053
CNNE,18.694
KSU,108.263
TRC,18.63
YELP,36.204
HZNP,20.831
IBTX,53.997
BZH,11.795
PKX,61.938
USG,43.129
SPH,23.089
ADSW,24.882
SPIB,33.506
SPLV,48.929
CONE,53.377
ORIT,16.899
OC,51.255
PTR,63.879
COR,97.52
HII,207.495
NEPT,3.256
MPLX,34.941
CYOU,19.987
COT,14.992
TXRH,61.612
CORT,11.676
SNGX,0.914
CNSL,10.336
CZZ,10.584
MHK,125.374
PES,1.454
PBA,35.143
FR,32.619
BSV,78.807
FTK,2.512
UEC,1.292
CCS,22.062
KBH,20.309
AJX,12.865
I,23.078
CFFN,13.019
FRT,131.22
MGI,2.068
CIK,2.96
FSZ,47.325
INVH,22.398
CLIR,1.252
AMH,22.062
FRO,5.299
IIPR,60.556
VVI,52.084
HWCC,6.333
CTLT,36.313
UBSH,32.36
WTID,9.8
BGCP,6.12
RTTR,0.601
KRP,16.598
SGDJ,26.65
RWO,48.776
MAC,46.533
SLV,15.004
FVC,25.663
EWI,26.188
FNHC,18.494
IBDM,24.503
BKU,34.159
ALTY,14.488
BKH,66.477
DVY,93.878
DOOR,54.885
SSI,0.911
LPT,46.589
AOR,43.087
UNF,136.691
OSIS,89.021
CMRE,5.011
HCAP,10.991
TRP,42.266
BSTI,4.688
AVX,17.572
DNKN,68.353
CPA,94.342
TC,6.507
PAA,23.061
XAR,88.857
WGO,29.445
PAH,11.076
SRNE,2.089
LH,137.448
IWS,83.653
TIP,110.09
NAIL,32.245
PAG,46.456
FOE,16.564
TSLX,19.75
SRT,6.86
TRHC,56.007
BG,54.28
AIMC,29.751
YRCW,5.814
SR,77.336
EZA,56.162
HTLF,45.711
VPL,64.567
HAIN,17.967
VRTS,87.46
TRXC,2.689
HACK,36.604
WRB,76.938
GWB,35.281
PLT,37.841
TDG,382.519
LZB,29.188
INN,11.02
ACST,1.031
WRK,41.342
IQV,126.318
TST,2.128
ACP,11.536
PGRE,14.269
HWC,41.984
GTY,31.656
THO,64.487
GIB,64.821
AX,30.501
SID,2.83
VCSH,78.684
ADNT,18.961
CMCM,6.663
BTE,1.664
ATEC,1.554
YUMC,35.814
CUB,63.605
TEO,16.495
LMRKN,24.709
IWV,157.465
RWR,95.089
SIM,9.67
SVMK,12.805
UGA,24.424
DZZ,5.524
ETRN,20.787
TMV,18.642
CAE,21.295
SPB,54.286
AVA,41.443
REVG,8.287
AAN,49.318
SCHF,30.334
GOGO,4.069
VNM,15.808
SBH,17.198
OOMA,15.067
VRRM,10.27
NCZ,5.335
LXP,9.472
WST,105.673
DGLD,43.661
PDP,51.841
SACH,4.02
CTRE,22.033
HEES,26.157
EWN,28.344
XES,10.947
HEQ,14.363
BRSS,29.298
ENV,52.572
XSOE,27.831
COF-H,25.47
BNED,5.706
RRR,24.957
RNET,13.36
SCHB,64.201
PH,163.623
IIVI,32.712
ADMS,8.826
NLS,7.66
INFY,10.534
ROBO,35.783
CBRE,44.886
BOE,10.204
BOIL,24.868
HAE,96.612
HOS,1.401
WBT,13.837
WSC,10.136
DRV,8.026
SCHH,42.566
TDY,221.465
NXTM,28.968
EIDO,26.834
CWT,46.64
MTZ,44.149
ANGI,16.243
HDSN,1.182
NTRSP,26.349
CXW,19.634
RGS,18.096
FTV,74.342
HSY,106.045
SITE,53.954
YMAB,19.684
ALNY,79.362
MOH,134.211
YANG,51.893
KBWB,50.292
FMBI,22.321
QTRH,0.955
NVT,25.105
HTH,18.577
GBX,42.309
BJRI,51.976
SMSI,1.797
STL,19.411
KLXE,25.58
RTH,99.412
WOR,36.943
AXL,14.408
ASHR,23.863
UBX,11.689
SN,0.268
HUBS,150.573
MPX,14.196
EAT,41.735
SFNC,24.956
CEA,30.752
OUT,20.798
STAG,27.506
MSGN,22.056
JCOM,73.338
NUAN,15.545
FDS,212.815
AQMS,2.228
HES-A,57.892
FCPT,27.845
SPHD,40.713
BHE,24.776
LPX,24.329
INFI,1.245
BAF,13.283
GDV,20.17
KPTI,8.404
DHT,4.047
AXAS,1.196
SSTK,40.277
FLT,200.301
TM,122.69
PRAN,1.402
NLY,10.415
FCOM,30.158
MAA,104.094
HRTG,14.57
ICHR,20.065
ATR,98.081
QNST,18.405
BPTH,2.043
BHVN,38.365
FG,7.795
MTBC,4.147
THG,111.423
ITT,51.924
VTNR,1.358
ROP,285.434
CIVI,17.692
RDVT,7.678
DFRG,7.855
BIS,18.193
UFPI,29.305
CSL,107.023
SLDB,24.589
AP,3.446
CYD,16.561
R,57.477
REGL,54.765
VIAV,10.779
WSBF,16.672
RCI,53.318
NLSN,25.507
RC,15.31
GXC,93.404
GWW,293.004
BRFS,6.39
VET,24.06
BLV,88.099
DSKE,4.045
OTIV,0.766
ZTS,85.275
ERII,7.555
ZEN,65.466
GRID,43.252
MMYT,25.598
JKI,151.548
LAKE,11.246
CABO,861.522
FNF,35.367
QYLD,21.824
TANH,1.71
CVEO,2.261
UPWK,18.928
ABM,33.092
MCF,3.62
WING,66.078
PHUN,170.017
AIT,58.158
BGFV,3.425
SNH,13.571
CIBR,25.491
IJK,206.97
TREX,66.693
TTC,59.73
SKY,16.785
MCY,50.496
CRAY,21.498
BMS,48.267
PDS,2.027
GSH,20.101
BANC,14.961
DIAX,17.329
SON,56.598
ACV,20.924
PTIE,1.171
INWK,4.488
NATH,69.933
ARI,17.969
HTHT,30.358
HTA,28.086
ARC,2.259
ETR,87.148
FSP,7.308
SUM,15.008
CHFS,8.299
PDI,31.892
KALU,98.638
VONE,122.16
HMC,29.878
BHR,10.896
FTA,50.304
CYTR,0.547
SNLN,17.491
PSDO,15.253
DSW,27.032
LIQT,1.871
IPI,3.228
DSU,10.379
SLCA,13.524
IUSV,52.98
UYG,38.486
CPRX,2.422
CNS,37.116
CADE,19.095
PIXY,1.322
FF,17.788
IART,46.126
UUU,1.196
NR,8.316
HWCPL,25.203
CVBF,22.193
KLIC,21.087
LLY,116.522
CPB,34.867
MMC,83.27
CBOE,93.892
TTS,7.493
MCO,155.465
NAV,32.066
VHC,4.966
VSEC,32.169
FN,54.976
SNP,83.99
XOMA,12.024
SAUC,0.989
UUUU,2.888
SFUN,1.686
EIG,41.974
ISRL,114.812
RESI,10.518
ARGT,27.508
AUTL,27.24
TGI,17.65
DPK,15.194
UMH,13.885
CNO,17.58
ALLE,85.3
SGA,32.703
ADTN,14.675
AMWD,66.962
BBDO,10.351
THC,21.843
OGS,80.618
MRNA,15.117
GEO,22.5
MSA,97.736
ECHO,23.954
SNV,36.164
NCMI,6.898
HRC,98.453
FFWM,14.719
IBOC,35.806
EES,35.63
UMPQ,17.751
IYG,124.239
SRCL,43.857
AINV,14.851
BV,14.381
OMI,7.658
AMAL,18.688
WLH,12.42
HOMB,18.485
INT,24.703
CFRX,0.501
NWBI,17.616
TRMK,31.425
VTVT,2.729
JCO,9.438
AEGN,17.869
CSWI,51.232
ALGT,126.204
AKBA,5.613
DRNA,9.897
MTG,12.3
AXS,55.293
WSBC,41.589
BBC,24.149
LSTR,103.833
ORN,4.248
HURN,47.368
WMGI,29.835
RNG,88.312
PNFP,54.768
STT-G,25.626
JKS,15.68
CASA,11.701
ACBI,18.409
NTLA,13.379
DSX,2.93
TTMI,11.345
LYV,52.738
BBVA,6.04
WTTR,8.593
DLHC,4.983
PCI,22.808
TVPT,15.963
APLS,13.161
GWRS,9.598
BPOP,55.386
RDN,18.918
IBKC,74.96
BFIN,15.242
GLYC,10.898
BC,50.567
OIS,17.237
BSIG,12.409
PMBC,7.978
EGAN,7.193
BCML,21.546
LCII,80.938
MDP,54.357
NJR,47.459
AFI,13.113
RBNC,21.385
BCBP,11.446
TNK,1.01
BANF,53.703
RDNT,13.093
PATK,39.389
MCRN,13.614
BAS,4.738
BRC,43.967
SMRT,1.138
MLHR,33.31
CPF,28.807
ECOR,6.206
CELH,3.771
PENN,23.997
ICLN,9.282
DLB,61.096
MTX,57.238
EAF,12.813
HCLP,4.361
SPHB,39.281
NTB,35.921
LOGC,8.611
KMPR,74.187
WMK,47.848
ORBK,61.102
PKG,92.581
MAS,31.94
PUMP,16.029
LTM,11.624
OI,19.658
BBH,124.491
EXG,7.823
STAY,16.556
YTEN,0.985
QDF,42.235
DKS,34.914
FBM,9.215
CBD,26.166
VRCA,11.978
APAM,22.602
SCHP,53.557
GFI,4.009
SF,47.988
WBS,55.88
VNTR,4.661
ICON,0.138
WMS,24.988
ESGE,33.372
BPL,30.249
TCS,7.07
TK,3.526
ECOM,10.574
BCOV,7.591
GNC,3.064
SITC,13.3
FLNT,4.548
DPW,0.093
SCHN,23.582
RVI,30.328
LAWS,29.423
KT,13.825
TBNK,27.563
ATU,22.545
WRLS,10.2
OCC,3.575
VTHR,121.766
JCS,2.413
EYPT,2.144
LDL,26.073
HTBX,1.417
TCX,71.419
EPC,39.04
EPP,43.555
ZAGG,11.226
CDMO,3.705
CASI,3.395
IMMR,9.437
RWX,38.67
DGX,86.686
SPKE,8.182
PDFS,10.316
VECO,9.835
SVVC,13.351
GSM,2.298
GNRC,52.787
KRG,16.428
MESA,9.138
HBB,26.43
WRLD,110.659
DLX,47.581
GDDY,66.647
PLCE,96.843
TNAV,4.281
SMHB,21.88
CPLG,12.15
VSH,19.199
ZIOP,2.072
GMS,18.823
SXCP,13.599
ROX,0.834
BOOM,34.695
RYI,7.011
TAHO,3.738
PAR,24.538
DXJS,38.614
GEL,20.977
NFG,56.964
USX,7.407
NOAH,44.123
CW,113.488
KEX,70.391
ARDS,8.591
AI,8.626
CBNK,11.448
DIOD,32.42
INSI,18.555
OPTN,6.116
SEMG,16.37
AKTS,7.371
DIG,28.151
PAGP,23.181
EGO,2.876
PINC,39.533
NGD,1.126
MFGP,19.379
ACHC,27.645
IYH,187.922
FCN,67.34
ENIA,10.146
VGLT,74.3
AQUA,10.589
TCFC,29.395
IHI,210.782
SMAR,29.926
TX,29.511
FRAC,9.855
CAR,26.466
DCP,33.548
VNET,8.681
WES,49.953
NTG,14.248
CAMP,14.153
SEIC,48.47
NVR,2666.528
LIND,12.412
FSK,6.334
FGBI,21.617
AVLR,39.447
RPT,13.013
CBB,8.229
CMG,532.109
SDP,22.072
EXPR,5.359
AE,39.445
BBCA,23.28
HRI,36.558
EXLS,56.043
LTC,46.66
BLNK,2.376
CBPX,25.689
BCC,26.86
IVOO,122.666
VSLR,4.015
PHO,30.658
HMHC,10.154
SIL,26.427
DSL,19.029
CLBK,14.697
STC,43.689
MORL,14.54
GNTY,29.927
JBT,79.471
VTA,10.701
CFO,44.756
LL,11.786
CCOI,46.969
SOLO,1.379
SWIR,15.004
CNST,6.967
CARG,40.901
RUBI,4.325
LMRK,15.092
TMST,12.21
DWSN,3.72
MGTA,6.9
LENS,0.435
SABR,22.954
PKB,25.663
CXP,21.604
IDA,94.824
BLMT,33.035
RBKB,11.728
BVXV,5.29
MDC,30.596
FDEF,28.073
WH,49.631
WSR,14.242
TGE,24.279
MCS,44.854
DY,57.2
RVNC,17.466
TERP,11.434
NUSC,27.323
MDCA,2.968
SUI,107.998
GGT,8.286
PCTY,68.107
DHIL,155.505
GRIF,33.151
COLL,15.743
HUM,306.15
IBP,40.05
CMD,79.795
VLRX,0.398
ALKS,32.426
TEN,34.24
PTI,3.007
MTEM,4.42
LSI,97.805
MC,43.707
OXLC,10.449
APOP,2.333
UTF,22.993
LEVB,4.48
LRN,29.661
GLDD,7.09
AEIS,50.739
RSP,99.409
DCI,47.083
LKFN,45.703
ASGN,62.058
SLP,19.012
AIHS,3.996
HLNE,36.322
BIV,82.017
NDRA,2.154
KALL,22.903
BSVN,15.239
MDR,9.031
BNSO,2.4
REM,43.348
BIG,31.193
JPSE,29.148
AMC,14.097
FBC,30.22
RGLS,0.948
SGOC,1.033
AHT,4.924
EFV,48.048
MGNX,11.245
SCHZ,50.868
JPST,50.305
MPAA,20.085
EQM,46.686
SWK,123.719
OCN,1.713
VB,146.25
OHGI,0.123
SLQD,49.906
MLNT,0.839
OGEN,0.909
PB,71.958
VV,122.555
EME,64.562
WBK,18.274
SAFT,81.31
AGO,40.307
INXN,58.959
MGEN,2.803
SCS,16.269
DDS,66.713
AXON,1.011
STRO,10.515
NEW,5.408
STE,113.227
BLRX,0.628
SJW,58.441
UE,20.529
ESTE,6.193
DBEF,29.599
NMFC,13.922
AMRX,11.997
NTWK,6.702
ALLO,30.056
GNPX,1.514
ETP-C,24.244
ZTR,10.057
UAVS,0.471
SUPV,10.085
STAR,9.609
FIBK,39.003
MEI,25.455
BRY,11.58
IMKTA,28.093
KRNT,20.038
FOMX,3.63
HLI,44.925
FLO,19.217
FTCS,50.776
FPF,21.117
ONDK,7.095
MHN,12.334
VGM,12.012
HPS,17.68
YRD,11.066
TIER,23.078
IDEX,1.212
CAPE,119.89
NPTN,7.025
SILJ,8.878
GBLIL,25.063
PRE-H,27.233
AEZS,3.943
SAIA,60.933
PMT,19.959
RRGB,32.709
HLF,58.821
AIZ,95.501
MRCCL,24.589
SDRL,8.927
JW.A,51.341
CRR,4.319
MKL,1042.498
KRC,70.424
PRTY,10.811
CLAR,11.141
ACC,46.184
IGI,19.251
HMI,11.598
SAVE,59.153
SXT,62.061
PSAU,18.736
REPH,7.789
ACNB,37.043
SSD,59.503
PPH,57.666
DLA,23.422
AIR,36.764
AVDL,2.7
SCHV,52.236
MAG,8.601
FNX,64.401
NVGS,9.475
FBT,140.794
EPU,37.247
CTR,9.655
DEA,17.925
RYAM,14.019
LBY,5.011
VVV,22.389
ITOT,60.903
HIBB,16.617
PRH,25.061
MTD,626.888
CCI-A,1089.401
GLT,12.738
INAP,5.327
AVNS,44.944
RBCAA,41.431
STT-E,25.941
LBJ,26.526
EYE,31.483
WAIR,8.095
KEP,14.748
MRC,15.589
CRS,44.628
AM,26.213
SCHD,49.141
KORU,31.699
FAF,49.221
MBB,105.019
VTGN,1.529
GER,5.476
TR,34.17
SOJA,25.963
OIBR.C,1.643
CEIX,35.031
MLI,25.237
TYPE,16.416
VAPO,16.477
STFC,33.661
FWONK,30.764
CZNC,24.835
MYF,13.395
ANDE,34.537
MYRG,29.856
PTC,83.986
EVH,16.879
WLK,76.273
HBCP,35.744
HYLS,46.793
WTR,34.319
FBK,33.97
INDB,79.114
UFI,20.692
TSI,5.44
SHIP,0.483
TRS,28.542
JTA,11.254
TZOO,12.432
CMFN,7.547
SBPH,10.493
ADX,13.588
BOH,77.948
COLB,36.699
ACHV,1.448
WRE,25.165
NBB,19.817
AAT,42.383
SSB,67.381
EFII,25.348
HMN,41.268
GOEX,21.69
CGBD,14.766
NYT,26.071
FVD,30.719
LLEX,1.811
KBR,17.18
LCNB,16.461
NSP,104.977
GGN,4.221
TCON,0.806
GWRE,84.948
VRNT,47.179
ACIW,28.531
VSAT,61.392
STMP,180.069
SAIC,67.522
PTY,16.263
USOU,25.718
ALE,75.267
USCR,37.404
EGBN,55.922
PKO,25.731
ABG,69.758
WRTC,3.443
TGP,12.8
WAFD,29.209
FYX,59.848
TANNZ,24.46
RFI,12.727
VAC,87.655
IIN,25.319
COLM,88.221
VMI,126.831
APPS,2.255
PHIIK,3.04
UAMY,0.643
GPI,60.723
TYL,188.596
CVM,2.814
EUO,24.383
WIRE,52.944
TFX,269.595
MNA,32.302
LAND,12.076
HCC,28.149
BAH,48.28
STCN,1.66
MMI,38.814
MRIN,6.177
RPM,56.065
WWW,33.954
HOME,21.854
BGSF,24.138
SMTA,7.772
STG,5.379
EVRI,6.618
BCO,72.78
BTN,1.558
RGA,143.798
ASV,3.043
QUIK,0.862
LORL,34.31
UNT,16.462
OCSL,4.783
AGR,49.023
PNM,42.119
BECN,36.539
NEU,398.187
GWR,78.698
SCHE,25.309
MGY,12.134
QUAL,81.142
SREV,1.177
JPC,9.168
HBIO,3.124
MGK,114.269
MORT,23.119
BDCL,13.438
LPCN,1.62
ARCH,86.5
VCIT,84.505
KOP,23.075
VOOG,142.784
JKHY,131.954
JBGS,38.469
PFBC,47.666
VC,75.6
TRUE,9.196
FIDU,36.139
SPYG,34.276
CHW,7.613
FTDR,29.646
CNDT,12.539
SEEL,4.292
FWONA,30.001
RMR,67.167
FTXO,25.582
PRFZ,124.536
EVOK,2.798
AAU,0.747
ESNC,0.19
HYS,98.594
BJ,26.482
DXLG,2.53
BIOL,1.712
SNES,0.808
DNP,11.084
DEI,37.655
ELF,8.444
ARKQ,32.131
WNC,13.984
IEV,41.472
WCC,53.698
HI,43.241
WERN,33.206
SYKE,26.694
CHH,78.432
QTWO,57.545
ODFL,137.597
FICO,215.993
CSGS,35.103
BKI,48.471
SNA,163.39
NCS,8.024
RPV,62.487
BIO,242.696
ISTR,23.118
AYR,20.623
VSI,4.576
TBB,24.289
ACM,30.216
CNET,1.535
ACRE,14.342
VOE,103.757
GSLC,53.525
ACGL,28.97
CTRL,19.398
AINC,63.295
BMCH,16.714
URTY,64.833
MDU,25.316
HBNC,16.506
CETV,3.03
CECO,12.703
MMP,63.139
HAFC,22.397
IO,9.007
XONE,8.421
OEC,27.596
GOLF,22.926
DS,4.127
CLW,33.488
MDSO,68.161
RVT,13.416
APYX,8.683
ASPU,4.623
JOE,15.383
ATSG,23.324
HUBB,108.309
CEO,164.467
ACTG,3.036
EXTN,17.103
LBC,9.498
FAMI,4.72
AAON,35.849
CRK,5.936
ETH,17.693
AUO,3.949
ECPG,28.893
MBUU,40.087
MITT,17.857
ORAN,15.352
CENT,39.111
PQG,14.907
RNST,35.46
IMDZ,1.469
DAR,21.315
FBNC,37.505
WFC-X,24.459
UPLD,29.885
RLGY,17.307
INST,37.84
ARLP,19.462
BLX,18.602
EFG,73.085
JCAP,21.464
CNOB,20.19
BMTC,37.374
ANFI,0.911
LOB,13.861
SEAS,26.575
XHR,18.638
AAC,2.285
RUTH,23.664
WEX,157.907
ST,47.252
LION,30.207
FI,5.804
BDC,52.661
MRRL,13.96
OTEL,16.674
WMC,9.589
USA,5.765
RMAX,39.019
CPS,74.176
WTBA,21.622
IGR,6.974
PNNT,7.152
IEX,135.614
CVCO,157.824
CLM,11.965
SD,8.201
FOR,15.695
KFY,44.929
CANE,7.421
FTSV,14.493
OPY,26.59
CBMG,17.284
POWI,65.449
KNL,19.643
ATEN,6.629
CROP,32.086
CAKE,45.188
ADVM,2.997
BPT,23.98
BLFS,13.062
MMSI,54.109
NEOG,58.871
TPC,17.122
EAST,6.068
DXF,2.758
NUM,12.762
NRK,12.063
PRSP,19.922
BPMP,16.296
VVUS,4.718
GSHD,27.965
HVT,20.113
HIW,44.562
HTLD,20.166
KMT,37.734
IIIV,24.168
MATW,44.959
IIIN,21.788
HMTV,12.998
JILL,6.024
INTL,37.485
ICD,3.371
MBIO,3.388
MNLO,5.323
LABL,44.843
IMAX,20.921
IOVA,8.476
LCUT,9.817
METC,5.776
KE,15.994
LNN,86.101
GRBK,8.41
LXU,7.287
NWHM,6.765
MPO,9.741
PJC,68.152
MCBC,9.7
MLVF,19.525
OVLY,17.827
PCYG,8.394
PDLB,12.947
NEXT,3.813
PIRS,2.596
PLOW,35.014
NSSC,15.562
LNDC,12.721
NVEE,69.2
SBSI,34.358
RUSHA,37.965
HELE,115.035
HSII,32.35
MOV,32.503
MATX,33.35
HNI,38.134
INSP,52.552
QTRX,20.158
NGVT,91.968
HTBK,13.209
MG,14.475
RDI,15.761
RCUS,9.314
MHO,25.234
ICFI,63.791
LNTH,16.455
TBK,30.57
SIGI,59.914
NCBS,54.671
KIDS,34.838
NINE,23.881
KREF,20.386
PFIE,1.722
SBT,8.697
PLUS,76.629
TSBK,28.093
RGCO,28.429
HF,40.967
SLCT,12.107
NBTB,35.935
OSMT,7.905
SMMF,23.269
MSL,11.256
PCB,15.821
MTH,40.466
NATR,8.098
PEBO,32.191
STXB,21.754
SBCF,27.418
SNDR,21.469
UHT,68.254
PFBI,14.307
OPB,21.448
SCL,85.414
NNI,52.303
VBTX,26.462
HY,68.51
SYBT,34.964
SENEA,29.147
SSFN,8.626
PRTK,6.608
TPCO,12.031
WIFI,22.912
PSMT,62.659
TWIN,17.713
LBRT,15.186
REPL,11.363
OTTR,47.481
SRCE,45.462
PCYO,9.978
THFF,41.485
MLP,11.78
SCVL,37.916
SNHY,34.42
ULH,20.33
PKBK,19.414
VPG,32.246
SMP,49.06
NPO,65.136
SWX,76.219
WD,47.938
RBB,18.796
NGS,16.839
PCH,36.34
REN,33.14
RILY,14.575
POWL,27.374
UNTY,20.048
NXST,82.254
VEC,24.287
WABC,62.922
NWFL,29.356
BBX,6.112
PTVCB,18.281
XNCR,32.529
SIEB,11.2
SIFI,13.186
PBIP,18.203
TBIO,5.567
PRGX,9.194
TSC,21.094
USAP,17.821
SYX,22.93
TRST,7.787
VRTV,33.334
OPBK,9.091
PRTO,2.59
SIGA,6.521
AAME,2.551
PLAY,51.461
JPM-D,25.025
TWST,23.258
USPH,106.31
ALRN,1.09
TURN,1.96
UBFO,10.314
TAYD,12.999
SPMD,32.038
SRRA,1.347
TRK,15.996
RNDB,14.198
QADA,41.959
RAVE,1.085
SOI,14.755
IIF,18.916
JMLP,6.463
PESI,3.723
PAHC,31.165
SITO,1.455
LAIX,10.396
ORMP,3.332
EYEG,0.48
CCD,19.343
BHBK,23.477
CBLI,1.59
MLND,10.45
SNBR,35.368
FNB-E,27.718
ADMP,3.095
BLBD,19.496
MAMS,8.051
GFF,14.041
CPT,96.584
ISCA,43.623
SUN,30.44
CHSP,27.954
CVI,39.992
TDW,21.808
AHH,14.867
AGM,71.619
ATNI,73.265
BMI,51.834
AMRC,14.866
AGIO,50.815
AGX,42.142
BUSE,25.705
AVRO,12.824
CAI,24.524
AOSL,11.595
AMNB,32.566
CWEN,15.036
BDGE,30.739
CIR,26.48
CELC,21.875
BFST,23.154
APOG,33.501
EE,51.333
BREW,16.294
CSV,19.684
FARO,40.783
ABTX,36.248
EEFT,114.684
ARTNA,34.538
CURO,12.471
ESXB,7.396
BRT,12.611
DIN,76.679
CHEF,32.697
DPST,47.201
KBWD,21.812
EEX,14.035
DPLO,13.401
CMCO,34.973
CCF,96.306
EPRT,15.72
CBM,44.336
CRNX,24.681
BOCH,11.022
FELE,46.882
ARVN,17.289
CCB,15.01
FCFS,84.186
FFNW,15.468
DXPE,31.658
EIDX,11.868
FORM,14.563
FPI,5.504
EQ,8.645
BMRC,43.147
FDP,31.641
CTS,27.673
CATO,14.936
FCBP,21.298
BXS,29.286
DFIN,14.481
ESCA,11.552
FMNB,12.958
CCBG,23.833
FNLC,26.034
FOCS,28.402
FUNC,16.295
CCNE,25.524
FTSI,7.971
GIII,34.117
CCXI,11.794
CTMX,16.239
FRGI,14.811
CNTY,7.771
FLOW,33.2
ELVT,4.547
ATKR,22.165
DGICA,13.281
FORR,44.388
CWST,29.93
EVLO,9.167
GLRE,10.24
CVLY,22.124
FRBA,11.09
ESGR,177.92
FSNN,2.092
GCP,25.272
FCCO,20.152
FMAO,31.217
HMST,24.685
STRL,13.196
IGOV,49.074
EPAM,139.441
FHK,35.58
WAB,68.498
HE,36.525
BLD,48.914
RST,14.702
SPSM,29.11
OSG,1.913
CPSH,1.377
BSET,19.175
SPWH,5.109
XSLV,45.92
SATS,40.035
PEY,16.81
BFY,12.92
NPV,12.078
MUI,13.136
PRI,109.107
ALPN,7.079
AGYS,17.719
VBLT,1.297
IVOG,127.187
ACA,28.735
ACMR,9.387
ITGR,78.006
NFBK,14.342
KRO,13.295
RHE,1.159
TOWR,29.183
SFBS,34.268
GEN,1.51
APM,12.892
VOXX,5.258
IVOV,116.645
CCCL,1.887
POL,32.222
OBNK,34.296
RAMP,42.558
EPM,7.448
JCP,1.296
AZZ,44.445
CYRX,9.992
AMSC,12.832
FCBC,34.483
FRME,37.191
GMED,44.019
BGX,14.839
EBSB,15.857
DCOM,19.649
HAYN,31.839
CTBB,20.256
EQBK,32.106
CAAP,6.981
APEI,29.315
CHCO,72.343
AVAL,6.798
FENY,17.251
MVV,36.161
BXC,27.503
BANR,54.954
HYD,61.281
RVEN,3.61
SANW,2.302
SMHI,13.209
SMIT,2.855
SVBI,8.398
SUMR,1.027
SGRP,0.573
UTL,49.307
SINO,0.794
BF.A,46.741
WHLM,5.715
WSTL,2.198
VRML,0.686
VTSI,3.995
UONE,2.235
SGMA,2.533
UNAM,6.01
USAU,1.002
TIK,5.428
KAI,85.443
SHI,47.286
SGRY,12.8
RWK,57.1
ENR,45.682
MTRX,21.159
ACGLO,22.743
SLRC,20.311
ACGLP,22.161
USD,33.333
FISI,27.305
FFIC,22.24
BKCC,6.124
PRAA,28.847
SASR,33.053
RAVN,36.891
HBANO,25.841
VRTU,47.75
MOBL,4.773
MDWD,4.825
KOLD,19.312
LLIT,1.2
DSE,4.978
BMA,56.994
EMITF,1.19
TCRD,6.778
PBCTP,25.781
UGI,55.994
MOG.A,85.887
PVTL,18.193
RCII,17.458
MCR,7.725
ITCI,11.293
HHC,108.565
CET,26.134
PATI,19.4
MINI,36.56
FORD,1.455
TI,5.212
CHMA,3.571
TA,5.251
IEP,67.686
TRPX,3.625
MCRI,42.706
YTRA,5.101
OESX,0.88
OTLK,0.721
PRVB,2.383
PMTS,2.924
OCCI,16.496
PRGS,35.333
POLA,5.032
PHIO,0.36
RMBL,6.213
NYNY,12.362
PRPH,3.047
RBCN,8.19
QRHC,1.494
NGL,11.617
IPAS,2.746
EMES,2.891
RMNI,5.373
ADIL,5.513
TBRG,10.041
SCHM,52.706
POOL,150.515
EMO,9.593
FRED,2.607
BBK,14.049
SIVR,15.502
SCD,12.126
FVCB,17.497
GCBC,30.832
FNCB,10.078
HIFS,182.489
IRMD,26.987
LARK,23.091
IBIO,0.85
LINC,2.936
NK,1.108
LOAN,6.107
NOMD,17.977
JCTCF,7.267
NM,2.448
LIVE,7.472
INOD,1.398
MDLY,4.517
NICK,10.525
FNGD,29.521
GASX,30.515
DRN,22.4
NAD,13.084
URTH,83.867
SGOL,126.594
NXRT,37.122
IJT,173.714
TCBI,60.299
PWV,34.874
AMTX,1.008
AVXL,1.834
AHPI,1.947
ARTW,1.9
CHKE,0.84
AKER,1.118
AUBN,33.177
BVSN,1.562
ETTX,5.062
ANIX,5.201
CDZI,10.177
CHCI,1.944
AQB,2.174
COCP,2.918
CBFV,24.291
CTIB,2.978
CYAN,3.01
BMRA,2.45
EFBI,15.499
BNGO,4.03
CSSE,7.695
CUI,1.577
CYCC,0.777
EFOI,0.866
EMCF,31.195
EMAN,0.883
RBA,35.746
ONLN,34.798
LGF.A,18.094
WAGE,30.798
BLIN,0.258
NXJ,13.199
LMNX,27.478
LMLP,12.946
PPIH,8.823
TOO,1.214
HEFA,27.353
RDY,37.524
PLYA,7.844
EVTC,27.978
FSB,33.074
UVE,37.806
PBH,27.749
MCFT,21.549
BPI,7.92
CALX,10.693
BFAM,114.007
BPRAP,23.166
DESP,14.939
IESC,16.625
FFIN,61.774
KDMN,2.251
CWB,49.731
IGM,185.481
ZBIO,15.943
CDLX,17.208
SPTS,29.623
VIVE,1.174
SERV,39.288
CWEN.A,14.573
CHY,10.978
ICUI,241.393
AED,25.894
LAZ,39.252
MFIN,5.303
DVD,1.987
BKEPP,5.772
MNRO,71.188
ELAN,30.491
WAL,45.507
LEN.B,36.891
CPSI,25.992
FSTA,31.519
CUE,4.992
FCG,17.294
PSCC,75.008
ARKW,48.024
AFSI-D,8.231
TWI,5.537
CEVA,28.067
NX,14.995
FTC,61.863
TIVO,10.915
EFAV,69.473
ENVA,23.081
SPDV,25.08
RETL,28.34
NIHD,4.501
UIS,12.919
DCAR,0.389
UMRX,3.934
AGD,9.513
REDU,8.973
HSC,21.12
KYN,15.448
GMLP,13.146
IXC,31.964
SCHG,73.947
SRET,15.081
TWNK,11.382
CIGI,61.503
SPI,2.205
SEM,15.391
TLND,35.673
CWEB,23.69
CISN,12.0
DORM,86.217
IDT,6.983
ERH,12.17
FXN,13.264
WWR,0.143
COWNL,24.977
TIGO,63.232
SPOK,13.719
NCSM,5.623
KAR,51.78
UTG,30.826
TANNL,24.44
SWI,17.366
BOOT,23.201
AXU,1.028
SPPP,10.321
TYD,42.805
CLGX,36.012
ISTB,49.366
LGF.B,17.251
HAIR,0.93
BRKL,14.914
ADAP,4.595
PNTR,13.436
MLPQ,27.739
IBCP,22.201
ALOT,19.977
CEMB,48.962
HQH,20.405
VNDA,28.312
SYRS,5.41
MOXC,0.53
BLE,13.996
VALU,21.367
CCNI,3.92
SPNE,14.633
GNMK,6.502
TROX,8.754
PRK,92.875
ENS,83.549
LRGF,30.001
GSV,1.345
BRG,10.471
GHY,13.745
FXR,37.963
CBT,47.448
MVT,14.235
WGP,32.689
WTRH,12.146
CPHI,0.287
IJJ,153.672
ESTA,27.236
EVV,12.274
CDR,3.518
HZO,17.75
PSLV,5.766
JAGG,25.34
DBJP,38.658
FTXG,18.874
NWE,62.853
PID,15.354
DBEU,26.69
OII,15.64
MSB,26.896
GVIP,53.338
BKE,17.316
BNY,12.471
XTL,66.469
PSP,10.908
SBBP,4.82
HPP,32.502
SECO,8.854
OMF,29.48
BABY,33.368
BCEI,23.282
ACLS,20.605
MSBI,24.355
OSUR,12.612
RVSB,7.401
DOOO,28.788
NLNK,1.439
RLI,66.041
STBA,40.473
GATX,76.488
LQDA,13.659
SPXC,29.192
ECOL,62.724
EBR.B,10.371
IBDK,24.857
IDV,30.769
AIA,60.038
COPX,19.869
SEF,23.36
CSGP,380.655
BGH,17.177
SMI,4.65
CYTX,0.297
FXG,44.287
DQ,35.13
WDRW,30.622
GLAD,8.502
DGP,26.52
AKTX,2.0
PSXP,50.621
SUP,5.09
THS,57.438
SHLX,20.615
CTV,22.384
CSU,7.14
VVR,4.079
CLWT,3.036
SPTL,34.822
FT,6.591
FLL,2.273
TBC,24.632
VMBS,51.691
WHD,32.44
CRAI,42.075
EMCI,32.142
ASCMA,0.549
WSO,146.166
MTSC,48.852
RFL,17.506
ITIC,170.976
NZF,14.203
XENT,28.986
AMBC,18.602
AETI,0.909
BOLD,23.195
MED,124.239
SHBI,15.29
ORRF,18.888
GAIA,11.141
GIFI,9.455
TAST,8.937
WLDN,33.458
CEM,12.197
HIL,3.354
MNOV,8.47
ALX,331.514
NCOM,40.472
MRTN,19.823
PVBC,22.804
BBSI,63.136
CNCE,13.926
ENT,2.613
AMSWA,11.051
CLPR,12.91
HBP,2.365
RMT,8.207
CTRN,20.695
PFSI,20.751
IDU,135.596
FRTA,4.76
EGRX,41.24
CIA,7.308
PTH,78.09
PFFA,23.777
ISNS,5.034
SBOT,1.311
RCON,1.04
TISI,14.236
FNDX,36.28
GDEN,18.514
ASM,0.609
BAB,29.51
IBDN,24.534
NCTY,1.395
FNJN,2.723
MYD,13.289
ACH,9.042
IRR,4.929
NS,25.388
EVOL,1.313
OSBC,14.214
HDV,86.914
C-N,26.258
GCO,47.741
BDJ,8.387
NUV,9.614
PPA,55.238
CPAH,1.42
EAI,23.63
DRAD,0.696
FV,27.769
EPOL,23.917
Y,623.9
LAD,88.409
CLUB,5.966
MCC,3.15
PSI,49.018
IQI,11.774
EVN,11.598
IFRX,33.241
USOD,7.23
BFIT,18.855
SHOS,2.119
FEI,11.411
MCRB,6.068
AOD,8.116
MSON,19.59
VICL,0.971
VTEB,51.152
SPTM,33.179
SPLG,31.275
RPG,107.422
FARM,24.626
FITBI,27.688
MOGO,2.217
ACWV,84.647
VBR,126.023
THD,90.21
NWN,61.434
CAPL,17.486
TLRA,3.172
IBDQ,24.218
AHT-G,20.892
CEQP,32.597
VGZ,0.67
RNWK,2.822
YRIV,2.07
SWP,93.79
HEZU,27.724
ALL-G,24.831
DFFN,2.189
VGSH,60.138
GCAP,6.572
GIGM,2.849
QHC,3.013
AB,30.062
CFFI,50.338
IFMK,1.157
OLD,27.47
AVK,13.915
ASA,10.066
JPIN,54.388
SFE,9.519
DTV,53.352
NHLD,3.136
CCC,10.402
CLH,58.921
HESM,21.182
TNET,45.198
GAIN,10.712
CXE,4.914
FTD,2.461
EHI,9.111
CUR,0.427
FBND,48.948
JP,4.017
IEUR,43.927
PCG-A,19.182
IBUY,45.7
PEJ,42.167
SCM,14.247
MCB,35.676
SHE,67.714
VCR,163.361
FMHI,50.143
AIF,14.395
ENIC,5.286
MHLD,1.164
VTWV,102.613
HUD,12.914
BHB,23.667
JDD,10.074
JKH,211.759
HCSG,43.443
MTEC,10.14
PXSG,33.741
CMSS,10.22
CCRN,9.413
PSCH,115.873
FXD,40.006
BRKR,35.013
DMB,12.435
VOOV,104.947
KMPH,2.714
ARKG,27.388
REW,12.757
IGN,49.871
ATGE,48.935
DAKT,7.469
GECC,8.006
PBFX,21.882
PIN,23.254
CLBS,4.966
NOA,10.326
IMI,1.146
VIOT,7.795
IGD,6.468
JXI,50.609
ATISW,0.08
HPF,20.68
EBF,19.985
FDL,27.963
ORGS,4.297
MSG,275.675
FANH,24.743
ANH,4.479
PICK,29.451
EWZS,16.551
YPF,15.816
DYY,2.22
IDX,23.338
OSS,2.241
PFN,10.005
BIQI,2.808
GEOS,14.996
CNBKA,76.513
APEN,3.543
CGW,33.262
SPA,18.403
NP,69.875
XCEM,25.87
EROS,9.357
IWC,89.796
FDIS,41.552
DBB,16.271
RFEM,61.187
GEF,38.872
BTA,11.478
CBZ,19.633
FNY,40.353
COO,276.083
NQP,12.602
BBCP,7.858
TTP,15.125
ASC,5.571
DGRS,34.14
JLL,140.255
KW,19.564
NPK,119.67
ADMA,3.036
ECC,15.404
SLYG,58.152
PALL,127.893
FFTY,30.333
GRC,33.677
CECE,6.778
CHE,295.139
TY,25.204
WOW,7.243
LEVL,23.223
BAND,44.025
CAF,19.532
EVF,6.052
RYU,89.316
CNMD,68.362
MS-I,26.584
PZA,24.947
EVT,20.856
EEMA,64.773
FCVT,28.98
MS-F,27.04
JCE,13.086
MS-G,25.498
ATRC,29.738
RIBT,3.313
FTFT,0.801
ANDX,35.78
GFNCP,100.578
PTLC,28.81
UAN,3.648
VKI,10.516
SNOAW,0.025
DKT,25.406
CFR,99.806
PSTI,1.129
ONVO,1.014
BBT-E,25.089
FNDE,28.078
FTXN,18.54
NVG,14.453
JKE,169.38
INNT,2.28
CRMT,70.328
KNSL,57.826
BME,39.321
CATB,6.023
SDYL,80.214
GBDC,18.16
FHLC,43.025
ITE,59.428
ACER,23.591
BSCN,20.376
FLMN,8.199
ITRN,32.658
CIFS,0.963
HOVNP,2.146
STNLW,0.863
NHC,79.291
GOF,19.323
PAI,13.9
DHY,2.31
FSD,14.162
TPL,680.514
WINS,25.027
HGH,28.476
AMRH,0.219
AFSI-B,7.958
AFSI-F,8.161
IGIB,53.556
SDOG,42.007
LKCO,11.803
OAK,40.998
DGRO,34.898
IPKW,30.958
WTS,73.392
SBLKZ,25.146
PWB,44.382
MTSL,1.936
IWP,124.949
VTWG,133.782
IRS,14.44
ANGL,27.981
CASS,51.133
BSQR,2.187
SBBX,21.806
MLPI,22.067
APTS,16.026
PTGX,8.058
CASM,1.687
RLGT,4.915
IGBH,24.62
KSA,32.016
GMZ,8.659
SPYV,29.192
GUNR,31.665
SCOR,19.279
JOUT,63.365
AGLE,8.963
NNA,5.528
MBTF,10.186
BY,18.659
USNA,115.654
PRLB,121.68
IHF,179.324
IPLDP,24.9
CBK,0.603
TPHS,4.252
PFNX,3.465
CRF,11.669
SOYB,16.614
EOS,16.152
RZV,66.01
TACOW,1.901
SCE-J,20.311
SYNL,15.023
SCSC,37.215
BSL,16.164
ECR,1.159
LMRKO,24.435
JPM-A,24.932
VRTSP,79.553
GURE,1.158
VEACW,0.437
VRIG,24.788
DFE,57.795
FBZ,15.602
GSBD,20.227
NIU,7.603
NVFY,0.702
OVID,3.165
CRESY,13.482
FFG,67.902
MOAT,44.151
FEX,56.346
NHS,10.637
PED,1.415
CWI,35.026
USM,56.018
RIV,16.868
CGO,11.558
JPS,9.034
FNDC,30.395
EMF,14.58
TPZ,18.26
EOI,13.615
FDT,53.479
SCHK,26.259
TITN,17.974
LX,9.479
YCS,74.062
SMPL,19.218
RELV,4.07
NCV,6.109
ARA,12.049
SLNO,1.72
BSAC,31.933
MCEP,1.05
FPE,18.615
HYLB,48.764
GSS,3.701
LOV,9.114
MEXX,11.917
CRVL,61.905
ICL,5.861
IOO,44.364
IMXI,11.239
EVI,34.856
TDIV,35.289
PERI,3.313
XWEB,84.979
HCCI,25.497
CRY,27.135
QLTA,51.014
BHFAL,24.782
MRAM,6.807
KNOP,19.152
RE,218.688
SFET,2.811
TRIL,1.753
VTWO,117.872
APVO,1.417
BTO,34.078
EDD,6.675
SKX,26.934
NEWA,6.039
PHT,8.511
ETO,21.216
IDLB,27.394
GEM,32.721
CWK,16.247
EXPI,10.954
RILYL,25.284
UUP,25.47
DRUA,23.964
NEV,13.318
VMOT,25.15
INBKL,25.2
NML,7.618
SSLJ,0.503
EWD,29.572
SVA,6.493
HCKT,17.733
IPHS,29.934
NHTC,16.964
KIO,15.024
CPER,17.319
TRIB,2.523
EGP,102.626
IGHG,73.276
FTAC,9.67
CSLT,2.719
ATOS,1.333
TGLS,8.407
SMLF,39.06
INBK,19.815
UFCS,51.001
WNS,48.936
MOR,27.055
MGIC,8.139
SPNS,12.091
AHT-I,21.205
EPE,0.695
JO,37.833
LYTS,3.211
CZFC,22.012
CORV,3.63
KEY-I,26.603
GLOP-B,22.298
DBL,19.504
WRN,0.729
AIEQ,24.202
CHI,10.205
IIM,14.262
VCV,11.909
YI,9.054
VIOO,138.165
JHSC,25.059
IJS,146.284
EZM,38.245
VIOV,125.726
COWNZ,24.92
MHLA,14.11
PICO,9.775
CSML,24.83
CLPS,6.252
SLY,65.503
SIZE,83.819
EMQQ,29.886
JETS,30.785
ASX,3.917
DGRE,24.102
PXS,1.066
PRO,34.027
MLAB,218.369
MEIP,2.695
RFP,9.187
HYI,13.878
PRE-F,25.126
TBI,24.087
SIBN,17.921
LPTX,2.32
GRX,9.907
CIM-D,24.876
ICF,104.806
SPLB,25.951
CTAA,24.042
SLMBP,65.436
GLIBP,24.38
CLB,67.64
GWX,29.666
MNDO,2.469
LIFE,0.506
TARO,93.979
SLYV,59.54
CAPR,0.51
NXGN,17.3
LUNA,3.395
BBT-H,25.945
KIE,30.006
RYT,153.626
NFJ,11.71
XLG,189.62
SHG,38.019
FKU,35.641
VALQ,37.78
CORR,35.628
VIIX,15.817
BAC-Y,25.723
SMLP,13.42
XIN,4.77
MYOS,1.706
INUV,1.202
GTYHW,0.553
INS,21.1
MTL-,0.696
EEMV,58.48
GTS,20.069
TTT,26.111
ATAI,1.014
GGT-E,23.25
GTN.A,14.756
HNGR,20.645
CGEN,3.585
PHD,10.311
LTBR,0.703
FMO,10.55
GLL,69.849
LTRX,2.813
GMTA,24.884
NBLX,33.221
NNDM,1.011
HYZD,23.125
IRET,58.403
OMP,18.815
UCHF,20.73
ARGO,65.161
IWY,76.316
AHC,3.95
NLY-F,25.24
RLJ-A,25.463
EDUC,7.834
LEMB,44.697
LMHB,23.177
XKST,26.5
VLRS,7.425
UWM,62.812
REV,25.385
NKG,11.195
MYE,16.138
CTDD,20.768
EPIX,3.965
JPM-F,25.664
IXG,61.695
ASNS,2.742
LINK,2.015
OPGN,1.514
BCSF,19.642
PHB,18.328
HROW,5.947
JDIV,24.92
IEAWW,0.88
CDC,43.049
UZC,24.927
OFS,11.261
COF-F,26.139
JQC,7.654
XSD,70.755
TLK,27.389
HEWL,25.65
COE,7.698
BCX,7.922
CBS.A,49.159
UZB,24.985
BBN,21.612
PBT,6.739
ENSV,0.478
VCTR,10.561
ESE,63.96
DNJR,8.31
MUS,11.939
VIGI,60.937
GRSHU,10.247
BH.A,655.133
SORL,2.693
SDT,0.984
BBEU,22.669
GS-N,26.224
EVER,5.437
KURA,15.292
OZM,12.64
BBJP,22.417
HEB,0.231
FTSM,60.017
SBNY,126.761
IMMP,2.25
PJP,64.769
FENG,3.813
TWO-A,25.994
OIA,7.452
FXY,87.461
ZSL,34.931
DUG,40.645
NETE,5.926
FTEK,1.221
WPRT,1.483
CIB,43.303
WRB-C,25.209
JPM-G,25.71
PLSE,12.837
FXC,74.852
EPR-E,36.427
GTES,14.657
DXR,14.915
ENBL,15.539
ASH,76.623
FTAI,14.644
DLPN,1.42
ROSE,3.616
CHSCM,25.837
RQI,11.884
VXRT,1.982
PKW,56.771
SMCP,22.65
BGB,14.157
STNL,10.055
IDSY,6.096
WIP,53.882
DSI,99.11
EMKR,4.412
ARR-B,24.56
RLH,9.341
SAH,15.311
CTSO,7.293
AVD,17.268
CHAP,7.932
NMR,4.014
ETY,10.943
PXMG,49.846
NRGX,20.388
UBA,20.958
HIO,4.707
JPM-B,25.302
SMDV,56.885
GPX,15.022
XMLV,47.332
DTD,89.916
PSCF,52.644
AUMN,0.351
MFD,10.636
MH-D,5.297
TDACU,10.246
TSLF,15.348
OPRA,8.172
NURO,0.909
IBML,25.27
DCIX,0.807
MPV,15.556
VXF,109.606
CHAU,17.019
WBAI,14.3
JHML,34.333
OXM,76.558
TACO,10.656
VIXM,24.235
AIN,68.528
SCHO,49.916
FPX,68.592
ULBI,8.051
MLPX,12.758
PFIG,24.866
VRP,23.95
VXZB,20.202
IVH,13.092
IPAY,38.885
GLP,19.264
SNHNI,21.285
HQL,17.179
PCM,10.409
USFR,25.083
MANU,19.284
TISA,0.52
SJT,4.717
FPH,7.52
EFAS,16.1
SOHO,6.515
FRC-G,24.619
ATTO,3.87
LQDT,8.282
RBC,75.687
MORN,118.078
SKF,20.301
RENN,1.668
BOND,103.504
DFNL,22.058
NMZ,12.382
TFI,48.277
CERC,5.096
IAGG,52.5
DHXM,1.963
DVYE,41.573
VOT,131.062
PXLW,3.282
CCLP,2.562
DUKH,24.628
ANY,2.669
VNO-L,23.457
JRJC,1.085
BORN,0.854
FGP,1.07
HMLP,17.72
BRG-A,25.34
PMF,13.256
MMT,5.563
MINT,101.367
BBGI,4.747
INSW,17.819
SOLOW,0.385
IYT,180.956
FORK,3.8
THW,12.741
AFIF,9.94
XTN,59.653
VGI,11.915
BLHY,23.664
MAV,10.9
VIS,132.826
ERC,11.905
SPVU,33.687
IAI,60.596
FNDB,36.195
GBL,19.343
FTF,9.418
NIE,20.269
SPCB,1.721
QARP,24.898
VBK,166.692
REML,24.789
FNDA,36.098
EET,71.37
PXF,40.284
NYMX,2.06
ETB,14.497
DEUS,30.62
CNCR,19.907
USAK,18.486
PHUNW,0.537
ENG,0.777
JMU,0.805
MX,5.883
CUBI,20.19
DWAQ,97.273
BLOK,16.324
HYLD,34.243
LMFAW,0.034
TLI,9.324
TCCO,2.734
MQY,13.62
RA,20.841
SCHR,52.943
NJV,12.86
BXG,12.795
LMRKP,24.522
FM,28.383
MAYS,39.51
RMCF,8.57
SEAC,1.599
KOF,61.269
ASR,179.45
MVO,7.306
RNP,19.408
ICVT,55.263
ISIG,1.18
MRUS,12.156
FUND,6.522
KWR,196.709
XERS,14.908
CHMG,42.255
MBCN,43.04
CBMB,12.781
QUS,76.94
VONV,103.765
PRPO,0.196
FLGE,216.0
SPMO,36.402
MBWM,33.511
JAX,8.546
VAW,119.878
IWL,61.54
MSC,13.482
OXLCM,25.222
SAMAU,10.0
WTM,892.888
BSCM,20.797
NBH,13.705
LEGH,13.327
PAC,87.974
AWP,5.698
GSP,14.437
MTNB,0.946
DBA,16.975
HYHG,65.261
XHE,74.437
BFK,12.873
CODI,14.643
DSPG,12.433
CVRS,1.187
NID,12.715
ADOM,0.256
QFIN,12.385
DKL,30.254
HYT,9.92
ETX,19.464
FSBW,50.154
DRIO,0.714
FFEU,79.878
CADC,4.607
MHI,11.387
CFG-D,25.445
HIVE,3.798
PSB,143.892
NODK,15.08
ICBK,17.292
EBTC,31.631
HBK,13.68
DWX,36.979
JOF,8.7
JSYNW,0.061
GAB,5.781
WHG,36.461
MILN,21.69
PUI,29.879
FENC,6.429
URG,0.705
CETX,0.765
GS-J,25.198
DRD,2.186
AFH,9.056
BIT,16.387
TI.A,4.571
JFR,9.621
NBY,2.08
EDIV,32.425
YIN,6.989
ENZ,3.732
IAT,45.52
MOO,61.547
BCV,20.829
KB,41.622
FYT,34.723
EIM,11.564
USIG,53.803
NDP,9.293
NKX,13.265
DSM,7.347
CELGZ,0.91
VOC,4.786
BGY,5.365
NAC,13.237
FEM,24.865
OMAD,10.08
AIRG,10.853
CHNR,1.681
BAR,131.297
MFL,12.752
CMT,8.35
AMBR,8.405
AGNCN,25.756
TEI,10.363
PTEU,25.11
BSCL,20.84
MGC,92.25
VTC,81.336
UBOT,8.747
HIX,6.319
DHS,68.793
MUA,13.877
EDI,12.5
FFC,18.136
SHO-E,25.569
HFRO,13.957
PHK,8.508
SNFCA,5.519
DLNG-B,20.174
SSKN,2.928
MELR,18.12
TEDU,6.649
KELYA,22.366
KMF,11.343
ZEAL,14.257
FREL,24.757
PMO,11.806
TBLTW,0.498
DTSS,3.84
SWJ,25.22
PMX,11.631
FIF,15.0
SMIN,35.747
BSCO,20.275
RDVY,29.045
COWZ,28.556
MYSZ,0.801
SOJB,23.648
PGLC,1.173
DDIV,22.848
ROBT,28.609
DUSL,26.14
VDC,135.696
PCN,15.526
FNDF,26.996
FDVV,29.096
MGV,75.352
VLUE,78.636
IYW,170.438
RNMC,20.717
IYK,112.054
FXH,73.703
IWX,50.284
IFFT,52.78
DWM,49.289
EEMO,15.745
JRO,9.586
VISI,3.7
IMOS,16.298
TNP,3.234
PLG,1.445
DWIN,24.41
BGT,12.137
BKF,40.85
SUNS,16.28
OILK,20.205
FGD,23.335
SMEZ,54.6
BXMX,12.853
BAC-B,26.08
SCE-K,20.849
AMOV,15.584
RZB,25.079
SBOW,24.467
CHNA,20.58
CLSN,2.123
AXR,6.33
SRV,9.88
BIL,91.61
ANIP,53.736
CART,8.037
BSCK,21.104
FORTY,39.04
IHIT,10.158
IBDL,25.121
HLTH,0.443
AMTBB,12.341
EMTL,48.733
IHE,143.686
SHM,48.245
GTIM,2.488
PRTS,1.079
DES,26.984
LPG,5.436
CYB,26.016
RICK,22.109
CGA,0.606
GLTR,64.956
SCE-D,17.69
JJC,42.691
PPR,4.717
STK,19.121
JTD,14.99
PSC,30.338
ECON,22.138
GNUS,2.479
USDU,26.742
TALO,19.197
EMD,13.508
MGPI,71.102
MICT,0.924
XENE,8.058
XBUY,24.88
DJCO,217.734
GNR,44.791
NXE,1.759
NEBUW,0.85
CRTO,24.467
SMB,17.4
NEAR,50.08
GBLIZ,25.218
MDYV,48.973
RFFC,31.385
BRID,27.766
JHEM,25.025
FNG,15.9
LPTH,1.671
MCA,12.96
SLT,23.48
TOWN,25.901
MYO,1.686
CXH,9.435
SG,14.411
IEO,58.175
PIM,4.417
ROM,88.783
CAI-A,24.872
RYF,39.828
HCI,47.742
ELC,23.997
RELL,7.365
AKCA,28.166
ESBA,15.313
DELT,1.151
MTBCP,26.57
DIV,23.656
BSCE,25.15
GIM,6.375
CNXM,17.406
PLBC,24.833
FUN,55.296
UG,19.604
MS-K,25.394
VYMI,59.69
URE,67.714
PPLT,77.529
JPMV,65.32
C-K,26.713
XAN,10.51
BICK,27.222
STON,2.116
GDXX,33.837
STKS,3.3
AFST,14.796
EAE,23.325
NEWT,19.055
SBFG,18.336
CWBR,3.192
FSTR,17.645
LRAD,2.501
GNT,5.506
INTT,7.247
SALM,2.798
OMED,0.748
IBDR,23.545
SYLD,35.253
GMLPP,24.993
GMRE,9.788
RYE,49.64
ROSEU,4.216
IAK,60.962
REZ,68.465
GGO,15.0
CCRC,11.256
GHG,11.155
AFK,21.523
OMEX,4.777
SBFGP,18.22
WTIU,13.747
NIM,9.861
TG,16.422
REED,2.475
REX,72.223
GBIL,100.239
VMO,11.705
ENX,11.332
ZYME,15.319
FTHI,21.06
ELD,34.5
MBFIO,24.881
APHB,0.25
WBIY,23.85
JMF,9.275
VFMF,72.41
SAFE,17.508
SNOA,0.737
FMAT,30.754
COF-P,25.2
USWS,7.575
GHYG,47.721
AWF,11.319
RIF,17.529
DDE,2.685
HPJ,3.0
DHX,2.028
NM-G,4.914
VLYPP,25.14
PER,2.327
BGR,11.688
EDOG,22.444
CIL,36.688
FCNCA,413.284
OPHC,3.523
TDAC,10.075
NSL,5.72
CO,6.213
SQNS,1.092
AMH-E,23.801
RCS,9.812
FRI,23.958
CDL,43.74
CIZ,31.466
CSF,40.471
BLCN,21.296
GCVRZ,0.507
SAN-B,20.054
AMRWW,0.105
IBA,44.681
MFNC,15.837
PLM,0.745
FCSC,1.968
DTY,26.634
HEI.A,67.039
EGY,1.877
GRP=,44.654
IRCP,21.333
CTRA,64.508
WELL-I,67.661
FRA,12.514
FLRN,30.603
IFV,19.307
FELP,3.3
PFL,11.328
IYM,90.199
HNW,13.685
CRD.A,9.384
AMH-H,23.714
BIZD,15.81
BOMN,24.975
BFC,49.607
FINU,73.563
IFGL,29.614
PRF,108.716
CSM,64.93
AOA,51.268
FDD,12.701
NCA,9.341
MUE,11.887
CMLS,12.026
AIRR,23.68
DWAS,47.161
PBS,30.829
SCHC,31.338
GJT,20.26
OCSI,8.455
OMN,8.643
KGJI,0.763
XHS,68.46
UTI,3.413
WEA,12.705
KOD,8.066
CYBE,20.698
IGRO,52.53
TPYP,22.695
AGRX,0.823
DPG,13.942
CHIQ,14.483
SBIO,31.172
LAZY,6.205
ELOX,11.17
MFSF,28.144
FSFG,51.124
MPB,23.46
EML,27.401
UNB,46.831
AMEH,18.737
FDBC,61.39
BYSI,18.123
RFEU,56.47
SEA,8.845
HYAC,10.172
BURG,1.947
KZR,17.01
SJB,22.557
OCSLL,24.563
VEAC,10.13
XPH,39.292
GLDI,8.677
NWLI,299.273
JPT,22.31
CATC,75.219
INXX,10.679
OSCV,23.478
OLP,27.434
LOOP,8.703
SPUU,46.107
CMSSR,0.287
PLL,7.35
EVG,12.665
FFA,14.073
PCG-G,15.845
SDPI,1.828
JPI,21.841
TCP,32.97
SDI,13.831
CMU,4.537
DAIO,5.858
LXFR,19.927
CBAN,15.365
PSA-V,23.9
EXD,9.088
KEY-J,24.019
IFN,20.182
AWX,2.778
SRRK,15.255
PRS,24.89
JRI,15.32
USB-M,27.424
AFSI-E,8.406
MGF,4.485
GLO,9.116
AEB,22.328
PSJ,80.74
NMY,12.103
DRW,30.78
DLR-H,25.345
C-J,26.752
GABC,29.137
JMT,22.193
PSK,41.745
GRAM,3.114
NXP,14.411
MMDM,10.25
GPM,7.605
MMU,12.878
JG,7.704
PWC,93.178
IQDE,21.9
EVA,30.15
ACWF,28.117
BDC-B,72.17
DCUD,47.267
DGS,45.528
PFO,11.258
MDJH,3.753
QDEF,41.8
WPG-H,16.093
THOR,13.773
IVAL,27.744
PSA-W,23.635
MEN,10.437
WRB-D,24.693
TRNS,21.816
MUNI,53.07
AFSI-C,8.107
SNDE,3.221
STKL,4.061
AGGY,48.617
AGRO,7.368
PST,21.912
SUSB,24.693
BAC-E,21.348
IROQ,20.0
ENFR,21.03
ATXI,6.02
DTN,82.329
ETW,9.733
ETP-D,24.647
ESPO,29.11
ROAD,12.059
MHE,11.89
AMMA,0.272
STT-C,24.46
PCOM,10.475
DMAC,3.789
HIE,11.287
SLVP,8.793
MNI,6.057
JPN,26.317
PFFL,23.738
LTS,2.819
GII,48.678
SRAX,2.847
TAC,5.373
TSRI,5.58
IEZ,24.419
FTSL,46.817
CHT,34.855
BUI,20.399
THQ,17.469
FPXI,32.87
PEI-C,18.117
ARDC,14.473
HYEM,23.062
WCHN,25.34
TREC,8.659
FAN,12.582
SMMD,41.9
GOAT,25.93
FAM,9.898
ITEQ,34.327
MYFW,13.718
DAX,24.875
SRF,7.43
ENBA,25.034
LEO,7.598
SGG,43.45
MER-K,25.787
HYB,8.164
FLY,11.108
MYOV,18.146
DON,34.887
JCAP-B,23.395
PCK,8.2
DSKEW,0.301
C-S,26.257
MQT,11.839
CEMI,6.998
PSA-E,22.17
CARV,4.04
EFF,14.726
CVR,28.029
MVF,8.73
SAL,39.522
CPK,89.514
BBF,12.767
GVP,2.9
AMID,4.125
C-L*,25.407
NTX,12.755
OHAI,1.16
SF-A,25.437
PANL,3.085
VIRC,4.26
EDRY,7.689
PJT,43.679
ALSK,1.923
ESQ,21.968
TGB,0.556
BTZ,11.754
IXP,52.821
GPIC,13.0
PJH,25.045
XSW,82.832
UCC,88.622
EARN,11.568
EUSC,28.683
BSM,16.795
ICOW,26.709
ACSI,30.885
KOL,13.972
AOM,36.772
CFA,47.499
AQXP,2.259
DOGZ,3.676
PLXP,5.33
QSY,81.16
JPGE,57.817
WLFC,37.932
PHCF,4.931
BSCP,20.009
NAN,12.744
RADA,2.691
ETG,14.771
FDEU,14.096
ENY,6.53
FDUS,13.866
LEDS,2.9
EOT,20.516
VNLA,49.341
FAX,4.066
KSM,10.743
BTEC,31.5
IHD,8.05
DMF,7.904
IHDG,29.77
FEN,20.821
ROAN,10.841
SB-C,19.7
IMTE,6.384
QQEW,59.66
COM,24.3
DGBP,26.86
JPUS,69.48
INKM,31.94
HOML,30.58
SMDD,10.032
MN,1.969
CYAD,21.869
USDP,11.254
JRSH,6.472
ASYS,4.913
IEC,7.248
RVP,0.689
DCO,39.204
TRMT,8.714
NYMTO,23.1
SWZ,7.333
BCI,22.631
JPEU,54.075
PML,13.463
JHD,9.878
OFG-A,24.42
BRACR,0.323
BSJP,23.525
DHDG,21.96
FIEE,134.963
GRIN,6.48
CINR,23.29
LMBS,51.071
STRT,34.718
ALFA,45.295
AEH,25.622
VPV,12.059
COMG,21.2
RJI,5.234
ASG,4.878
EEMS,43.669
SYNC,1.845
GHC,663.71
BFZ,12.407
QBAK,5.75
CPSS,3.863
PGHY,23.064
EFC,16.338
JKD,151.071
CYTXZ,0.003
OXBRW,0.012
ESTRW,0.08
TDW+,0.58
BRACW,0.24
GLACW,0.11
LFACW,0.35
CTXRW,0.336
WHLRW,0.008
JASNW,0.008
PHIOW,0.025
PSCE,10.306
FPI-B,23.95
TILT,108.502
ZROZ,112.072
NSPR+B,0.001
FCT,11.767
GUT,6.343
JSM,19.796
NETS,2.426
TMQ,2.089
TSCAP,26.243
MS-A,19.992
TMCXW,0.41
ATOM,3.84
UZA,24.493
GS-K,26.645
PSB-Y,21.86
KTCC,7.088
NRCG+,0.998
SZNE,25.23
SXE,0.348
BBT-D,25.607
BBT-G,24.0
AUSE,51.898
AGO-E,25.47
PEBK,25.712
ALLY-A,26.173
ISG,25.573
COF-C,25.579
AHL-C,24.891
ALL-E,25.329
AMH-D,24.648
USOI,21.62
TDJ,25.235
COF-D,26.043
CLNY-I,20.459
NS-C,23.605
EDN,28.385
MFT,13.081
NKSH,34.613
ADRE,39.161
RFG,145.874
NUMV,26.129
HYXU,49.06
XPP,65.753
SBI,8.595
SHLO,5.941
WFC-V,25.814
MFDX,23.73
BPOPM,24.612
PGF,18.069
SMN,29.948
SCHW-D,26.293
PSA-B,24.496
GLV,10.716
PSA-C,23.155
CRBN,110.53
PEI-D,18.087
PFD,12.902
RILYI,24.948
CBL-D,14.357
ISD,13.774
HSBC-A,25.784
BWX,27.965
ETON,6.2
AFT,14.564
AXS-E,23.381
EXT,30.552
IRBO,22.386
ESEA,0.742
CHSCO,27.694
VKQ,11.763
CHSCL,27.576
STZ.B,169.48
JRS,9.868
EXFO,3.3
WEYS,27.191
ONEV,72.425
WFC-P,23.576
JLS,22.618
DTW,23.908
BCRH,6.456
WFC-Y,25.048
CHSCP,29.034
PTNR,4.18
SMM,8.966
MTT,20.418
GVI,108.599
MYJ,13.527
QAI,29.543
NGHCP,21.254
PMD,18.467
NGHCZ,23.226
WFC-N,23.265
CHSCN,26.608
REDV,24.27
IYC,193.476
AGTC,2.943
MFMS,20.779
GREK,7.289
NEE-I,23.776
CDTX,2.855
RYB,6.979
IPE,54.12
GLQ,12.098
DINT,16.76
WFC-R,27.707
OAK-B,24.244
IEIH,24.73
PCTI,5.305
EFR,13.068
EQC-D,25.704
AOK,33.562
BHK,12.91
BAC-K,25.476
HSPX,45.975
CSS,8.811
VUSE,30.609
CLMT,3.349
PBW,24.849
GLU,18.402
GLOP-C,22.684
PCG-D,16.5
ATMP,20.053
MMAC,28.45
OSN,1.85
ROUS,29.89
DAC,0.848
AGM-B,26.208
MLR,29.337
ELMD,5.575
STIP,98.45
PFXF,18.795
PHI,24.964
PHYS,10.619
EWK,17.49
CTG,4.298
EPS,30.283
OUSA,31.136
OPRX,11.113
RBZAW,0.1
ITP,0.64
GAM,30.714
EMMF,23.39
EMGF,42.207
BANFP,26.509
AGNCB,25.312
HSCZ,27.06
HIG-G,26.047
WFC-T,25.79
TCGP,22.542
MDYG,49.873
OBSV,12.648
KALV,17.558
FPL,8.869
EIV,11.701
NEE-R,57.815
NL,4.056
IID,5.762
FVE,0.697
QVAL,28.34
ESGU,58.24
MYN,11.816
VTN,12.623
TRCH,1.0
FNI,33.557
DTLA-,20.965
CHRA,7.29
TWNKW,1.09
ALIM,0.846
AFSI-A,8.106
AXS-D,23.412
PEB-E,23.83
KBSF,3.831
EDNT,4.781
FEP,34.029
BLW,14.181
WDIV,65.347
ESGRO,25.125
FCEF,20.45
TLTD,59.566
DOO,39.897
KOIN,23.32
DOL,44.89
SCON,1.432
UGBP,20.643
GMFL,25.83
USL,20.858
PFFD,23.638
USAC,15.089
STRS,23.71
ZOM,0.869
IQDF,22.811
ONE,8.529
RFDI,55.388
NYCB-A,25.4
BOKFL,24.05
DTH,39.387
EDEN,59.246
SPXX,14.855
BELFA,19.6
BKJ,13.375
RMED,7.59
MUH,13.65
SMTS,1.826
OSIR,14.451
UROV,8.892
RWL,49.935
GBAB,22.366
IDE,12.291
USRT,49.641
TGP-B,23.238
AMBCW,8.905
UDN,21.087
GYB,20.863
ARYAU,10.48
SRLP,17.842
PDN,29.363
HBANN,25.373
HPI,20.879
CBL-E,12.988
PSA-Y,25.469
CALF,25.494
INFU,3.732
FUSB,9.296
ISMD,25.435
WAAS,20.976
INB,8.091
FFR,46.115
NS-B,20.3
BTT,21.694
TWO-C,23.537
MSVB,12.25
IPIC,4.826
CCO,5.415
WFC-W,25.351
SHSP,13.56
MYI,12.25
AC,41.038
LEE,2.748
SLGL,5.969
ASPN,2.705
NRT,6.34
IVR-C,24.54
MPVD,1.172
ITM,47.672
BBU,31.924
TWLVW,0.229
PGJ,35.722
ENTX,4.054
ASHS,23.033
APO-A,24.558
BKC,20.9
JHAA,10.271
HUSA,0.2
EFT,13.22
ODT,16.297
NMI,10.552
SKIS,4.552
LN,36.827
ADILW,0.749
TOTL,47.651
KOOL,0.361
NNY,9.447
ALGRU,10.38
CLIX,47.16
HEWU,22.18
BIBL,25.333
RNGR,8.3
IIJI,11.46
JAKK,1.853
BPOPN,25.946
TTEC,32.693
SAMA,9.67
CFBI,10.68
BGIO,8.744
TAT,1.27
FIW,47.084
HTY,6.9
IDEV,52.149
TLH,132.914
EQAL,30.454
TIPZ,56.189
TOLZ,41.421
SGLB,2.036
FXO,29.779
SMED,4.08
DUKB,24.958
USB-P,25.118
RILYG,23.984
JPM-E,25.648
STAG-C,25.64
JPM-H,25.97
DBEZ,28.24
NI-B,26.138
IVLU,23.43
TRTY,24.017
ESGV,45.946
PHAS,3.513
MOTS,4.098
EEA,8.206
BXP-B,24.855
WHF,13.821
QUMU,2.415
HMNF,19.997
HE-U,26.4
AQNA,26.044
CDR-B,24.667
MET-E,24.85
FYC,43.493
BFRA,13.33
PAK,8.982
MTC,6.1
KONA,1.112
CLGN,5.925
BKK,14.93
VCF,13.8
EQRR,41.8
MDIV,18.085
PSB-W,22.0
FXS,102.87
NIQ,12.702
MFINL,25.6
TESS,15.816
PGZ,17.236
FIXD,49.588
SKYS,0.574
UWN,2.47
NLY-D,25.24
EVFM,3.451
LITB,0.781
KLDW,31.14
GNL-A,24.503
SLTB,25.345
NAZ,12.151
HDGE,7.534
CUBI-E,25.83
QCLN,19.189
PRTH,6.15
MHNC,17.68
PFM,25.859
ERA,9.8
MIY,12.804
GOODP,26.16
QABA,48.012
FXZ,36.982
CLRG,23.383
SPVM,26.62
RHS,120.963
QEFA,59.597
MXI,62.041
NULG,32.036
XITK,92.61
DWLD,21.81
GAMR,41.94
PSCT,75.786
EUSA,54.358
XRLV,34.11
PUTW,26.0
AXJL,65.165
DDG,24.85
FIYY,92.621
FRN,12.83
IUSB,49.592
SMMV,30.869
LVHB,31.147
PBI-B,24.24
BOSS,18.13
EEV,43.343
PEO,16.114
AIQ,14.239
FDRR,30.317
FBGX,217.744
WFC-Q,25.372
ASFI,4.255
TWO-D,24.578
WRB-B,25.22
TACT,10.31
PTNQ,32.73
TYNS,28.23
TDTT,23.896
JPGB,48.505
ALO,0.827
BSDE,25.14
FTSD,94.53
CMF,58.441
RMI,20.033
JHB,9.711
TGP-A,24.925
BSD,12.615
FEMB,37.943
EVM,10.27
TKKSW,0.161
GEF.B,44.904
TKKSR,0.26
HTD,22.81
UNMA,25.002
ATRI,776.0
MH-A,6.239
BHR-B,18.005
HOFT,28.16
VER-F,25.18
ALL-B,25.09
BK-C,24.3
ISF,25.681
RXN-A,54.837
HJLI,1.737
AFB,12.53
IGLB,57.615
BAC-C,26.329
FAAR,26.585
TCBIP,25.225
GWGH,8.645
MFG,3.263
BNDW,75.302
UONEK,2.087
ROOF,24.67
MNP,14.079
PVL,2.548
CKPT,3.71
YYY,17.303
TDE,24.99
YMLP,19.35
NLY-C,25.366
EFL,8.881
PFMT,2.051
BWG,11.04
USAS,1.681
FWP,1.058
DAVA,24.014
SOR,34.76
ZMLP,13.58
AMJL,14.514
UBP,17.143
TZACU,10.11
CMBS,50.44
CII,15.142
FLAG,39.4
OGCP,15.332
MHF,7.329
PZD,40.03
FTGC,18.734
MPA,13.103
FMN,13.049
HCFT,3.365
BOUT,18.979
LIVX,5.963
TNC,58.327
NSS,25.014
LMST,14.528
BSE,12.441
PCF,9.011
ENR-A,100.061
PLND,17.14
SZC,16.06
GMO,0.229
JOB,1.88
OXLCO,25.29
SAA,92.01
CLNY-H,20.408
HCXZ,24.242
DXYN,0.884
OFSSZ,24.811
VIDI,24.771
SRLN,45.854
LOACU,10.2
DDWM,27.603
EMXC,49.134
FALN,25.551
MSUS,22.87
BKT,5.815
KIM-L,21.39
AHT-D,24.968
DBE,13.866
PYN,9.603
FRLG,93.8
PMT-B,24.725
SPEX,0.77
CIF,2.3
TLTE,52.393
OGIG,21.282
UST,55.615
MTECU,11.05
TDW+A,2.22
APO-B,24.298
PULS,50.075
ALL-A,25.497
GDO,15.961
HHS,3.121
MFA-B,24.77
SRE-B,100.31
GCOW,29.792
BOSC,2.445
GBR,1.765
JHMD,27.266
CCR,18.365
VLT,13.764
PFI,31.046
THM,0.627
EDF,12.775
CTO,59.389
ALYA,2.847
DSWL,3.03
ISCF,27.997
BBRE,80.012
PT,11.0
HNP,24.905
DBGR,24.73
BYM,12.983
CEV,11.485
FRT-C,22.33
NOVN,1.347
INN-E,22.094
PSA-D,22.87
TNP-E,21.554
DCF,8.403
CBH,8.821
NTZ,1.165
SOJC,23.772
RZA,26.885
NBO,11.457
ELJ,25.33
ESML,25.09
GVAL,22.938
INTF,25.918
BC-A,25.33
SRG-A,23.233
CCM,3.09
SDD,14.76
NORW,12.284
PPT,4.963
TRCB,16.245
NESR,7.849
SRC-A,22.143
DLR-I,25.94
BWMCU,9.99
AFGH,26.092
GLADD,25.119
SSW-E,23.659
DTF,12.95
SHAG,49.12
ARES-A,26.679
UQM,1.652
ALD,44.066
TCBIL,25.337
INF,11.633
FJP,50.279
CETXP,1.8
GECCM,24.9
CEZ,25.582
UUUU+,1.3
DZK,54.0
UJPY,25.3
AZRE,10.921
LMB,5.527
LEU,2.921
PCQ,16.941
EIS,53.25
AGZD,47.404
CLNY-G,21.776
RCKY,26.639
NTIC,30.919
VJET,2.087
GFY,15.92
IPDN,1.337
MITT-A,25.276
MITT-B,25.339
CNP-B,52.837
PDT,15.585
GGM,19.737
EWO,19.92
WFHY,49.4
MGU,21.127
JPME,62.06
MHD,15.241
COMT,32.288
PSA-Z,25.57
CLTL,105.46
NSYS,4.183
TRT,2.956
NUAG,23.368
ONEO,67.82
CIVB,18.894
ABR-C,25.634
GSY,50.15
IBMI,25.42
OAK-A,24.47
SNV-D,25.115
WRB-E,24.331
RLM,2.408
CACG,28.969
SELF,3.989
DLNG-A,20.85
PRE-G,25.82
MHH,7.99
JYNT,8.164
GIG^,0.24
GS-D,19.067
CYRXW,6.25
MBRX,1.391
NOM,12.331
HEWP,20.95
DVCR,3.362
OUNZ,12.917
DNN,0.518
TVE,24.812
DWSH,25.618
NFRA,46.6
ALCO,30.324
PIZ,24.408
NEWTI,25.592
FYLD,23.1
ORTX,12.145
EYESW,0.33
SGBX,3.005
OXBR,1.014
TGC,0.91
GHII,25.638
EPR-G,22.24
ZF,9.193
FSI,1.51
CMSC,25.497
BKN,13.805
USHY,47.702
PTMC,30.889
IAF,5.225
TDF,18.077
DSS,0.99
FEDU,2.214
PPX,25.155
MARPS,2.024
GGZ,11.185
PZN,8.459
DEF,46.878
KCAPL,24.856
SHYD,24.347
SSG,17.299
SUSA,110.026
PHX,15.78
DOD,23.914
IQDY,23.62
DCP-C,23.704
MOGU,16.046
SIJ,16.27
NNVC,0.306
PIHPP,22.073
TPOR,24.453
NGE,17.177
MAGA,25.574
CSWCL,25.6
IBKCP,26.197
MET-A,23.049
SSW-H,23.271
LEAF,7.609
RNR-C,25.428
GTO,50.704
BSCS,20.124
FTAG,23.705
ELTK,2.314
EHT,9.51
LTPZ,62.51
NC,33.966
ECNS,41.895
GOODM,25.22
PCG-C,16.824
CXDC,2.564
IMTB,48.49
SRTSW,0.77
RWW,63.177
RUSHB,38.475
FRAK,12.5
RF-B,26.46
AVH,4.525
YOGA,0.524
PWS,23.996
MMTM,114.821
WRLSR,0.251
SFB,22.136
NXTDW,0.07
TAIL,20.923
DWMC,20.65
CEY,24.579
PFIN,7.82
CLNY-J,20.402
RWLS,51.18
RWGV,50.77
RWSL,51.203
TAWK,24.296
LTL,34.89
TGEN,3.796
PNC-Q,24.862
IBMH,25.43
CPIX,5.441
FLQH,23.589
GENE,0.819
GEC,3.195
PCEF,21.53
BLES,26.6
NEE-J,22.881
CSPI,9.807
THST,2.14
JHX,10.934
CCIH,1.178
TBLTU,5.228
NRC,39.087
TANNI,25.416
PBBI,11.116
CIZN,21.604
USEQ,26.14
STND,31.722
INCO,40.122
ICSH,50.235
RWJ,64.542
WIW,10.488
CELP,7.784
BSJL,24.339
PIY,10.36
SCE-G,19.499
GDV-G,24.623
GS-B,26.35
GHM,22.536
NUO,13.96
PIO,24.904
DCP-B,23.874
TVC,25.402
RCD,98.11
SPFF,11.528
PSB-V,24.73
LSBK,15.425
GIG+,0.216
JHMM,33.279
PSB-U,23.826
RETO,1.793
RXI,108.389
DBP,37.288
RCMT,4.002
GLDM,13.166
UPV,42.49
CIM-A,25.275
ACU,16.87
CRHM,3.179
GXG,8.859
BBAX,24.348
GNCA,0.518
BCH,31.142
SMLV,89.387
VFMV,78.971
JJT,52.27
ADRA,30.413
TCO-J,24.797
IYLD,24.389
SPE,12.752
FRSH,4.73
ARGD,25.284
IPB,25.75
BML-J,21.37
PRCP,8.129
NES,13.26
WFE-A,25.748
AKP,13.76
PNF,12.585
FLMNW,0.799
DZSI,13.111
IGVT,49.43
DXGE,28.19
DRIV,12.799
LDUR,98.98
USVM,49.6
ROSEW,0.428
GURU,30.1
FRC-D,24.138
FTVA,25.55
DVYL,62.443
KEQU,31.622
NEWTZ,25.643
GDXS,13.292
BSCJ,20.535
EOD,5.128
VBND,47.671
HAO,24.026
ELU,22.989
PRN,55.31
FCAL,49.97
HSON,1.438
AMRB,13.761
PNI,11.323
TBX,28.55
EWX,43.468
SYN,0.624
PXLG,49.276
EMX,1.14
IDN,2.33
TWLV,9.95
BAC-A,25.803
CHAD,36.642
FFTG,23.279
CODI-A,19.484
RM,27.167
DXB,24.926
IYY,133.549
FLC,18.379
BAC-W,25.783
SGZA,24.953
BML-L,21.284
IFLY,32.15
FONE,45.62
DALI,18.55
RYJ,41.12
BBT-F,24.165
MSD,8.853
PLW,31.86
DLR-J,22.967
PTVCA,17.9
NXC,13.842
DEX,9.401
SIFY,1.658
FXF,93.678
DGL,40.321
SNHNL,25.038
HFBC,19.621
FXB,127.091
FRC-H,23.279
KBLMR,0.21
BWZ,30.968
CRT,12.22
GQRE,61.354
SOCL,30.62
CCOR,26.295
STI-A,22.021
IRET-C,23.805
CMO-E,24.81
BTAL,21.295
IBDT,25.38
MNR-C,23.312
DNI,10.877
PMM,7.093
OMFL,26.446
RZG,113.325
DEST,2.975
BMLP,46.834
BSJM,24.128
SSW-I,23.26
FLTR,25.008
WHLRP,10.295
KXI,47.75
PSF,26.133
GAL,36.497
UTMD,92.303
GLOP-A,23.14
UTES,34.32
STT-D,26.509
ITCB,14.893
ADRD,20.618
QTS-A,25.467
FCOR,48.395
EUMV,23.896
AMS,2.516
WEBK,29.6
ECCA,25.49
VSGX,47.735
KKR-A,26.79
POPE,70.085
ANH-C,24.68
NAII,11.069
WEAT,6.027
EMIF,29.72
BKSC,18.923
FAT,5.358
DMO,21.03
FLN,21.289
STPZ,51.1
BCOM,4.89
HYMB,55.733
FEIM,12.861
EGIF,14.04
SCKT,1.99
AMH-G,22.489
WBID,20.95
WBIR,23.2
VLYPO,23.834
UMDD,91.777
WIA,10.922
RXL,98.735
HUSV,23.37
PLYM,15.559
QQXT,49.937
WBIB,21.24
NTN,2.9
NYF,54.933
WBII,24.21
ZDGE,1.94
MINC,47.549
RVNU,26.239
PHDG,26.59
ULST,40.295
QLC,32.34
GNMA,48.949
MVC,8.812
VEGI,28.209
SRE-A,100.045
GJP,21.61
AHT-F,21.17
THGA,25.384
WYY,0.44
AGZ,112.152
TCI,30.66
SPLP,13.69
CIX,14.651
PWOD,35.31
WBS-F,22.676
ORM,21.152
GECCL,24.924
BANX,20.631
FLGT,3.93
SBB,33.812
PBJ,31.13
HGSH,1.04
BSJK,23.872
LDP,23.226
PIH,4.45
TAO,26.994
VRNA,5.779
UYM,54.52
NRP,38.164
TSQ,6.216
GAB-J,25.183
JHMT,42.734
CSD,47.957
DAUD,28.45
JJS,41.79
BSCR,19.158
QEMM,58.19
SDR,1.019
ONTXW,0.05
RWVG,51.32
MH-C,5.382
FDTS,36.18
JHMU,28.801
BJK,37.11
HYACW,1.027
VNO-M,22.73
EMP,23.806
ZKIN,1.55
NNN-F,22.77
XFLT,8.501
MUDSW,0.43
YMLI,12.33
BFS-D,22.42
ZB-G,27.044
BZF,16.93
PGP,13.643
USWSW,0.67
MMD,19.673
VKTXW,6.636
WBIG,23.34
IBDO,24.539
VBF,17.608
CTRC,3.735
IHC,36.17
AFTY,14.52
MYC,13.184
NHA,9.66
GSIE,27.128
LVHD,30.108
CARZ,34.154
KBA,26.719
FEMS,34.538
STNLU,10.16
PSR,83.83
TPGH,10.1
OBLN,1.7
TIBR,9.95
IQLT,27.663
VNRX,2.557
PYS,15.592
TPGH+,1.25
IDLV,31.748
SPRT,2.5
MDLQ,22.388
GSAH=,10.25
DLR-G,24.921
DLBS,18.33
TMK-C,26.259
JHS,13.412
DTEC,26.605
BANC-E,25.543
HCCHR,0.29
CBND,31.189
KIM-M,21.98
DDF,12.61
BKTI,4.07
GAA,25.98
RDIB,29.39
NEE-K,24.363
WTMF,38.4
SEED,6.346
BBRC,16.793
SINT,0.203
HDAW,23.93
DD-B,99.962
HMOP,40.04
FGB,6.1
DVOL,19.103
DJD,34.54
NYCB-U,47.537
YLDE,27.49
GLOG-A,25.79
WHLRD,11.838
RNEM,51.0
GDV-A,25.72
PCG-B,17.75
XYF,5.363
CODI-B,20.301
PBTP,24.525
DVP,31.925
WBIH,21.984
WISA,3.252
PXMV,30.164
FDM,44.607
VSMV,28.05
SAF,25.6
DAVE,4.519
SPYX,64.986
KBWR,51.235
RFDA,30.376
LGLV,93.452
BSJN,25.549
NUBD,24.37
PBP,20.382
DL,7.11
RIVE,12.6
DYNT,2.74
EBND,27.39
NXN,13.092
CIM-C,24.84
CZWI,11.689
IVR-B,25.652
BLNKW,0.55
SUSC,24.3
SPKEP,21.908
MUJ,12.943
BML-H,19.352
RAVI,75.36
PSCD,59.505
STL-A,26.5
MVCD,25.255
CHK-D,49.78
ALJJ,1.34
PMT-A,24.9
SVT,11.46
REK,14.958
GS-A,19.147
NYMTP,23.04
BCAC,10.476
FVAL,32.224
JPXN,57.953
ENJ,24.002
PY,30.308
SCHW-C,26.392
AUG,1.036
MCX,24.88
MIND,3.95
INVE,5.356
JASN,1.421
WMGIZ,0.007
FOF,12.092
MFCB,6.76
OTTW,13.65
TCTL,29.03
SSWN,25.15
EAGLW,1.261
EELV,24.217
SCE-H,21.752
UMH-B,26.04
DJPY,23.03
CWAI,24.57
UBT,75.543
FEO,13.558
CEL,5.07
IVR-A,24.964
AEF,7.032
CAAS,2.91
AAAU,13.1
INDS,27.28
CTHR,0.93
DFP,22.497
RDCM,8.22
SPE-B,24.972
WILC,8.14
DGZ,13.965
AUSF,23.8
WIL,64.45
FLIN,21.16
IQDG,26.98
VIOG,150.152
FDNI,20.285
WTFCM,27.701
BCTF,15.0
CNACR,0.141
MFO,25.58
TLF,5.759
LOAC,9.95
BML-G,19.75
CZA,64.233
AWRE,3.524
NAKD,0.841
IPAC,54.325
TUZ,50.187
HYGV,47.692
EMDV,56.47
GMF,92.455
FIHD,153.85
RHE-A,3.75
DEMG,24.785
LFEQ,25.63
AJXA,24.352
VMM,12.168
AMCI,9.68
QVCD,22.561
CNYA,24.55
MCN,6.69
FILL,19.771
BOTJ,14.2
USMF,27.77
IHY,23.97
ACES,25.06
DDLS,29.11
EVK,3.6
CPHC,15.07
CHGX,18.98
EGPT,31.0
TDTF,24.213
IGEB,48.181
AHL-D,23.13
PSB-X,22.432
CWBC,10.038
IZRL,20.823
LGI,14.545
JHY,10.021
EWGS,53.16
CTAC,9.712
GDL,9.318
PIE,16.378
LRGE,30.69
CIO-A,22.0
SPDN,29.844
JKF,101.349
CATH,32.617
TMCX,10.08
HMLP-A,25.127
FQAL,31.883
FXA,72.429
YXI,19.31
IFRA,24.94
JUST,38.451
QQQE,44.462
ILTB,60.091
EPV,35.782
EUDG,23.675
ULE,15.01
ISHG,80.407
FEU,31.112
DIVB,25.36
LEGR,27.74
KNOW,37.424
PAVE,14.933
DQML,24.13
JPEM,53.979
EMCG,21.354
GEX,60.203
EEMD,23.38
FDMO,31.77
CRD.B,9.46
SEB,3861.727
UBR,84.208
HYGH,88.53
FEUL,76.69
CORP,100.87
DIVY,25.8
PTF,58.269
SSPY,43.19
DGT,80.74
RWED,52.22
RWUI,51.14
IDOG,25.875
EVJ,11.79
CFFAU,10.087
APT,4.1
UBOH,22.688
JHI,15.38
LINDW,2.656
TYBS,20.458
GRNB,25.71
GIGB,48.24
DDBI,26.84
SITC-A,22.511
CEE,24.502
LVUS,26.97
JHME,25.75
MNE,12.731
YLCO,12.323
LOWC,84.94
STN,23.6
XELB,1.245
EURL,24.085
GOAU,12.354
DVHL,17.512
CHIX,15.9
MOTI,30.65
PREF,92.97
JEQ,6.75
TBLU,27.39
LRET,24.5
OBCI,3.74
RIGS,24.479
FRD,7.817
FLTB,49.471
MBG,25.514
SOHOB,24.271
PRE-I,24.941
FCAN,22.88
AMH-F,22.69
CDR-C,19.565
EWSC,53.13
TOO-E,18.615
RILYZ,24.46
UCON,25.2
PPLN,17.12
JSMD,40.807
LOACR,0.22
RJA,5.75
SSNT,2.274
DJCI,14.95
NDRAW,0.78
ANDAU,10.036
LQDH,93.1
PRNT,21.89
WFC-L,1293.548
ICAN,27.41
RGT,9.543
VTIQU,10.3
DBLV,63.09
DNL,53.1
LOR,9.383
FUV,3.05
HYND,20.219
GBF,111.11
JJN,49.43
PICB,25.807
EFAX,64.336
TWN,16.046
IEA,8.42
CEW,18.55
RTM,101.45
FAD,66.87
AGMH,26.99
TLEH,28.28
NLY-G,23.834
LEAD,32.063
HECO,39.89
DEW,44.52
SKOR,49.67
PSL,66.89
CMCT,17.65
HGSD,24.34
ARI-C,25.211
SSW-D,23.28
HEWY,26.63
INN-D,23.75
RNDV,20.72
RFV,65.54
ERM,19.92
MS-E,28.128
PEK,34.22
GMOM,24.67
TCRW,25.35
AKO.B,22.702
FLM,49.012
DYSL,1.02
BNGOW,1.571
GAB-D,25.65
EVX,90.74
CVY,21.461
HUSE,34.53
GRI,45.34
APF,17.313
GJS,20.1
FCA,25.64
NBW,12.51
PSA-X,23.56
KIM-I,24.87
PUK-,26.04
IBND,33.393
LDRS,21.35
HDG,44.397
OEUR,22.947
KIQ,0.61
ABR-B,25.68
KIM-K,23.39
SITC-K,22.99
IRL,8.87
CNXT,22.1
JJM,44.172
GYLD,16.547
ENTR,15.65
OBOR,22.65
DMRS,52.19
FLJP,24.03
FIVA,21.4
MCI,15.14
MGY+,3.532
MDLX,21.6
LVL,10.83
FEUZ,37.47
PBB,24.926
PNBK,15.0
TCF-D,24.0
ESGL,30.06
ALL-D,25.528
WPG-I,15.27
HLM-,31.67
NEON,2.5
ARNC-,87.162
EFNL,38.85
ESTR,1.707
DTJ,24.73
GDVD,25.7
CN,31.34
FFTI,23.41
HFFG,13.393
ARKR,18.65
CMFNL,25.19
STRM,1.25
FIBR,97.19
UCI,14.54
GF,13.53
PSA-A,25.663
SBR,41.573
SSBI,12.225
DVEM,30.935
EWCO,23.47
AGGP,18.965
DHF,2.945
EAB,24.22
TAXF,50.1
UBG,33.288
HTRB,39.1
GSEU,28.31
SPLP-A,22.24
CLNY-B,25.06
AIRT,30.25
PBE,51.69
TOTAW,0.12
LDRI,24.67
CSA,44.3
CDOR,8.21
PSA-G,23.601
KURE,18.308
TWO-E,23.89
DSUM,22.45
MZA,12.86
QXTR,24.1
FLEE,22.35
PAGG,25.634
SYG,78.05
PJUL,24.78
XAN-C,24.992
ETHO,34.8
SLIM,32.403
RGI,114.59
EZT,25.52
CBSHP,25.729
GSL,0.81
DDT,26.49
AADR,43.56
PILL,24.29
IEUS,49.44
FIV,8.93
IFEU,38.43
SIF,3.155
NEN,59.75
BWEN,1.468
TUSA,32.34
OFED,26.275
PACQW,1.13
OUSM,25.6
EWRE,28.69
NS-A,23.2
GNRX,22.03
MLPB,22.26
ULVM,49.0
AGT,23.8
FID,16.96
JMST,50.379
ZHOK,62.245
FPAC+,1.4
MLPG,22.68
JEMD,8.2
TIPX,18.99
NMT,12.465
IDHD,26.95
MMDMW,0.289
CPE-A,51.4
LYL,1.39
FTACU,10.04
CMRE-E,23.15
ATLC,3.42
AFC,25.39
BRG-C,25.08
GSSC,42.64
SECT,26.38
AGND,42.7
CLNY-E,25.342
CAW,2.3
PSMG,13.64
FLQE,29.92
IEME,25.09
CSB,43.08
CUT,27.71
DGSE,0.502
BVAL,15.02
RAAX,24.99
TY-,52.25
FLKR,22.63
LGL,6.804
BRAC,10.15
MOG.B,87.485
KTN,30.0
DWPP,28.3
MTECW,0.891
ODC,26.25
LXP-C,49.588
GDG,25.19
ISRA,30.8
PFH,8.01
BYLD,24.2
CSSEP,24.758
PJAN,26.22
HJLIW,0.4
BDCS,19.31
ALP-Q,25.02
FINZ,7.94
IBMJ,25.55
CMSA,25.02
NTC,11.63
JKG,179.1
PXSV,29.1
NTP,8.59
MAGS,5.28
DMRI,47.03
LTS-A,23.952
CHKR,1.37
TDA,22.14
KBWP,59.6
